Name,Age,Job Role,Experience_years,Land_sqm,Salary_INR,Job Title,Dowry_INR
Aman Shah,35,Private,23,579,93582,Software Engineer,166000
Rekha Joshi,26,Private,2,725,32625,Content Writer,165000
Sunita Sharma,35,Private,27,29,104036,Database Administrator,138000
Arnav Nair,23,Government,8,8150,50758,Public Works Officer,169000
Shruti Khan,28,Private,31,579,117119,Customer Support Executive,439000
Kabir Jain,33,Private,2,118,20343,Graphic Designer,63000
Zoya Iyer,37,Private,25,44,102978,DevOps Engineer,149000
Meera Shah,24,Government,15,516,66149,Administrative Clerk,153000
Chirag Bhattacharya,31,Private,1,4976,22503,IT Analyst,104000
Umesh Sharma,28,Private,19,7373,86485,iOS Developer,431000
Sai Saxena,28,Private,15,912,63301,Financial Analyst,90000
Rohan Pandey,38,Private,10,0,46339,Machine Learning Engineer,181000
Nimrat Chaudhary,39,Private,5,0,40145,Financial Analyst,120000
Saurabh Shah,23,Government,9,0,44546,Public Works Officer,117000
Pallavi Jain,26,Private,24,160,99790,Product Manager,64000
Kabir Iyer,27,Private,13,57,40568,Financial Analyst,87000
Priya Nayak,39,Private,6,175,36151,Marketing Executive,117000
Kunal Agarwal,34,Private,7,40,35729,Technical Support Engineer,165000
Shreya Rao,36,Government,2,9275,32204,IPS Officer,169000
Pranav Joshi,23,Government,43,7,134739,Indian Air Force Officer,213000
Riya Malhotra,24,Government,11,216,48066,Electricity Board Engineer,77000
Pranav Bose,32,Government,0,0,21680,Indian Navy Officer,101000
Nimrat Joshi,36,Government,7,74,32143,Court Clerk,180000
Arman Chatterjee,32,Government,36,8,118187,Junior Assistant,321000
Sunita Gupta,33,Private,3,1534,34266,IT Analyst,110000
Sakshi Singh,27,Private,25,4621,85216,Technical Support Engineer,119000
Jatin Rao,33,Private,24,134,93521,Full Stack Developer,143000
Gaurav Pandey,33,Private,0,95,7470,System Administrator,185000
Ishaan Gupta,38,Private,36,197,130252,Android Developer,733000
Shreya Sharma,28,Private,21,0,83016,Product Manager,187000
Arnav Agarwal,33,Government,0,2166,21279,Income Tax Officer,173000
Karanveer Das,32,Private,21,17,101267,Full Stack Developer,100000
Maya Agarwal,28,Private,13,714,61805,iOS Developer,160000
Dinesh Saxena,28,Government,3,625,30116,Sub-Inspector,70000
Saurabh Kumar,30,Government,2,541,22884,Sub-Inspector,124000
Shreya Gupta,29,Private,13,505,67559,QA Tester,174000
Lokesh Das,31,Government,19,1693,76304,Forest Ranger,95000
Rakesh Sharma,36,Private,15,0,78729,Software Engineer,124000
Sonal Khan,38,Government,20,704,81184,Government School Principal,96000
Rakesh Bhat,31,Private,3,557,39927,Financial Analyst,62000
Nitin Singh,38,Government,7,76,38031,Water Department Engineer,130000
Mahesh Bhat,30,Government,11,50,52086,Village Development Officer,197000
Ritu Chowdhury,32,Government,35,6,123045,Indian Air Force Officer,501000
Harsh Bhat,23,Private,21,122,84723,Frontend Developer,157000
Neha Ghosh,25,Private,10,800,44802,Digital Marketer,109000
Mohit Iyer,27,Private,16,0,59963,SEO Specialist,51000
Sai Agarwal,23,Private,24,11,90765,Graphic Designer,158000
Kavita Saxena,25,Government,9,39,48505,Railway Officer,125000
Aisha Chowdhury,39,Government,4,81,29720,IPS Officer,146000
Kunal Ghosh,38,Private,14,711,66369,Full Stack Developer,149000
Suresh Pandey,27,Government,7,39,44327,Income Tax Officer,102000
Sahil Mehta,29,Government,2,4301,29028,Government School Principal,75000
Sunita Kothari,34,Government,13,154,55953,Indian Army Officer,150000
Sameer Menon,26,Government,3,557,31990,Administrative Clerk,192000
Tanya Sharma,27,Private,7,17,47193,Digital Marketer,183000
Pooja Nair,37,Private,2,137,17061,Financial Analyst,135000
Aisha Bhattacharya,23,Private,16,1287,57208,Content Writer,61000
Chirag Nayak,27,Private,3,0,29205,UI/UX Designer,51000
Kishore Sharma,35,Private,11,4233,57087,Customer Support Executive,118000
Rakesh Dutta,32,Private,7,16,41130,Web Developer,81000
Rakesh Malhotra,23,Private,0,54,6000,HR Manager,129000
Nimrat Gupta,23,Private,14,1043,75455,Technical Support Engineer,115000
Praveen Kumar,36,Private,8,169,40422,DevOps Engineer,171000
Umesh Sharma,24,Private,17,5128,65888,Financial Analyst,149000
Ananya Agarwal,30,Government,10,522,42802,Indian Army Officer,97000
Harsh Saxena,35,Government,1,280,31677,IAS Officer,63000
Yash Roy,30,Private,5,8451,42293,Content Writer,188000
Divya Iyer,33,Government,0,5239,26124,Municipal Officer,132000
Aparna Bhat,37,Private,24,93,101857,Marketing Executive,52000
Manish Joshi,26,Private,32,671,117606,Technical Support Engineer,253000
Kriti Kapoor,39,Government,2,735,29155,Civil Engineer,132000
Pooja Kapoor,34,Private,0,14,15028,Technical Support Engineer,145000
Karan Pillai,31,Government,18,3301,73882,Government School Principal,146000
Rashmi Dutta,26,Private,1,44,15998,HR Manager,188000
Umesh Pillai,26,Government,14,208,51361,Teacher,85000
Himanshu Menon,36,Private,18,586,86849,Sales Manager,58000
Nimrat Reddy,30,Government,1,0,18705,IAS Officer,115000
Zoya Chowdhury,29,Private,19,73,74354,HR Manager,85000
Sahil Thakur,34,Private,8,0,50769,SEO Specialist,185000
Sunita Nair,23,Private,8,226,47128,Graphic Designer,155000
Vihaan Saxena,38,Private,3,8,30036,HR Manager,96000
Sai Malhotra,37,Private,24,1275,101868,UI/UX Designer,161000
Praveen Bose,31,Private,4,667,24548,SEO Specialist,73000
Ishaan Iyer,28,Private,34,890,133736,Financial Analyst,484000
Nimrat Patel,31,Private,1,947,22738,Cloud Architect,167000
Jatin Thakur,34,Government,0,48,19645,Junior Assistant,186000
Sahil Trivedi,32,Private,22,15,81274,iOS Developer,106000
Siddharth Verma,34,Private,0,543,21959,HR Manager,134000
Yogesh Verma,34,Government,6,3,42304,Defense Clerk,73000
Kabir Chaudhary,36,Private,1,0,12684,Database Administrator,172000
Deepak Bhat,30,Private,28,979,117560,Financial Analyst,452000
Sanjay Pillai,34,Private,11,817,62124,Android Developer,53000
Kavita Shah,32,Government,28,10,87965,Civil Engineer,144000
Aditya Sharma,34,Private,27,1153,110132,Content Writer,782000
Tarika Gill,29,Government,4,309,15517,Railway Officer,162000
Jatin Kumar,27,Government,4,513,33296,Municipal Officer,167000
Geeta Das,29,Private,2,2459,31828,Customer Support Executive,82000
Rohit Rao,31,Private,12,50,58707,Customer Support Executive,190000
Dinesh Kapoor,36,Private,0,33,18626,SEO Specialist,174000
Puneet Bose,33,Government,1,889,26487,Agriculture Officer,150000
Rakesh Gupta,33,Private,28,3,110307,System Administrator,186000
Ritu Jain,24,Private,10,5726,46392,Product Manager,177000
Puneet Thakur,36,Private,16,4807,62941,QA Tester,184000
Pranav Pillai,30,Private,39,101,140466,Data Scientist,227000
Ritu Bhattacharya,27,Private,0,695,14123,AI Researcher,151000
Rohit Malhotra,29,Government,17,2629,70668,Municipal Officer,104000
Ankit Singh,30,Government,19,598,76980,Post Office Clerk,183000
Kavita Chowdhury,28,Government,8,537,38873,Agriculture Officer,173000
Tanya Roy,30,Private,11,59,53180,Technical Support Engineer,196000
Rekha Menon,31,Private,6,70,45495,Android Developer,167000
Kunal Joshi,38,Private,27,52,105617,iOS Developer,102000
Sonal Bhat,36,Private,23,656,91443,Database Administrator,79000
Vihaan Sethi,25,Government,1,102,25006,Sub-Inspector,66000
Yash Verma,27,Government,5,40,34061,Teacher,62000
Naveen Reddy,36,Government,24,0,78955,Customs Officer,196000
Yogesh Bhattacharya,26,Private,3,12,22243,Cloud Architect,118000
Pooja Bhattacharya,37,Private,2,0,17195,iOS Developer,71000
Rashmi Bhat,35,Private,28,4378,107224,QA Tester,248000
Praveen Rao,26,Government,0,1483,26893,Transport Officer,63000
Bhuvan Reddy,39,Private,28,713,96396,Cloud Architect,184000
Ishaan Trivedi,27,Private,2,0,28858,DevOps Engineer,110000
Manish Malhotra,35,Government,43,261,135306,Civil Engineer,588000
Rohit Sharma,29,Government,0,1295,10610,Income Tax Officer,98000
Ananya Khan,27,Private,30,4733,111620,Financial Analyst,207000
Nisha Thakur,32,Private,9,663,57341,Product Manager,61000
Maya Chatterjee,27,Government,21,2579,83465,Customs Officer,99000
Saurabh Gupta,34,Private,18,209,74866,Backend Developer,158000
Aman Chowdhury,36,Private,35,88,131284,IT Analyst,728000
Nimrat Rao,33,Government,0,58,14683,Civil Engineer,59000
Karan Malhotra,32,Government,26,616,86005,Court Clerk,113000
Praveen Sharma,31,Private,28,73,105823,UI/UX Designer,89000
Kunal Bose,36,Private,10,2442,50879,Sales Manager,190000
Kunal Chowdhury,26,Private,0,48,20339,Android Developer,177000
Pranav Patel,38,Private,18,60,71900,Software Engineer,194000
Kunal Bhat,28,Government,8,23,41037,Bank PO,190000
Neha Nayak,31,Government,0,154,16120,Transport Officer,163000
Yash Pillai,36,Private,3,1075,31416,Android Developer,91000
Mahesh Khan,31,Government,23,29,88346,Public Works Officer,154000
Arjun Das,25,Private,3,568,36750,Android Developer,100000
Sai Mehta,37,Private,25,14,87914,iOS Developer,154000
Kishore Khan,25,Private,0,55,20909,Technical Support Engineer,128000
Sonal Bhat,39,Private,2,105,23510,Web Developer,189000
Anjali Ghosh,37,Private,5,92,35031,Machine Learning Engineer,153000
Arnav Nayak,26,Private,14,95,63976,Database Administrator,127000
Aparna Joshi,24,Private,4,0,6000,Product Manager,73000
Jatin Kumar,33,Private,16,8136,76342,Android Developer,496000
Tarika Dutta,34,Private,7,9,36654,Graphic Designer,60000
Zoya Saxena,37,Private,12,704,61903,Graphic Designer,109000
Pallavi Nayak,38,Private,45,514,143945,Data Analyst,276000
Ishaan Nair,35,Private,3,41,24377,Frontend Developer,156000
Shruti Jain,32,Government,13,1,51716,Revenue Officer,149000
Arman Das,32,Private,25,722,99700,Content Writer,108000
Arjun Bose,24,Government,1,603,22815,Court Clerk,192000
Lokesh Pillai,37,Private,1,867,13079,Customer Support Executive,141000
Rohan Mehta,24,Private,0,20,9312,Marketing Executive,129000
Sahil Iyer,37,Private,26,651,107993,Android Developer,123000
Arnav Menon,35,Private,24,23,96259,Content Writer,181000
Nisha Das,27,Private,26,84,105986,Data Analyst,171000
Karanveer Kapoor,33,Private,17,58,95192,Financial Analyst,182000
Riya Pillai,39,Private,0,50,8921,Marketing Executive,93000
Kishore Pandey,30,Private,0,83,6000,IT Analyst,122000
Nimrat Kumar,30,Private,3,685,30661,Backend Developer,73000
Rahul Chaudhary,39,Private,0,16,22072,Customer Support Executive,163000
Kishore Bhattacharya,27,Private,1,925,30431,Sales Manager,99000
Divya Malhotra,30,Government,2,4502,30479,Forest Ranger,199000
Vikas Singh,37,Private,5,23,31517,System Administrator,178000
Pallavi Bhattacharya,34,Government,15,85,65718,Post Office Clerk,152000
Puneet Chowdhury,35,Private,5,5595,32114,Web Developer,97000
Geeta Bose,39,Government,20,5885,77787,Court Clerk,176000
Pallavi Pillai,39,Government,0,1151,21761,Indian Navy Officer,199000
Arman Bose,23,Government,1,127,30684,Agriculture Officer,114000
Neha Bhattacharya,26,Private,0,17,14948,IT Analyst,153000
Tanya Gupta,35,Government,2,110,29907,Post Office Clerk,119000
Suman Ghosh,33,Private,0,562,21833,IT Analyst,100000
Maya Menon,32,Government,4,2812,37029,Junior Assistant,193000
Mohit Kapoor,23,Private,2,68,26128,Data Analyst,134000
Shalini Saxena,33,Government,0,0,19361,Survey Officer,71000
Tarun Mehta,30,Private,34,692,128364,IT Analyst,674000
Vihaan Gupta,26,Government,11,46,54870,Municipal Officer,143000
Harsh Chowdhury,32,Private,7,27,43595,Backend Developer,76000
Rohan Gill,27,Private,1,77,28168,Graphic Designer,130000
Arman Mehta,36,Private,11,89,59377,Sales Manager,184000
Dev Kothari,38,Government,1,78,26192,Railway Officer,77000
Saurabh Pandey,38,Government,0,929,24532,Health Department Officer,178000
Manish Chatterjee,34,Private,0,102,9219,Content Writer,77000
Sonal Reddy,23,Private,8,706,43495,Marketing Executive,94000
Vihaan Chowdhury,28,Private,0,89,18090,Content Writer,164000
Divya Gupta,36,Private,9,506,46469,Business Analyst,152000
Sanjay Verma,25,Private,36,594,125360,IT Analyst,620000
Zoya Gupta,36,Government,10,25,42519,Defense Clerk,187000
Mahesh Menon,23,Private,4,103,22748,Database Administrator,51000
Priya Ghosh,27,Private,16,60,64264,Android Developer,66000
Pranav Dutta,33,Government,1,98,22840,Water Department Engineer,196000
Riya Saxena,29,Government,1,87,26981,Forest Ranger,69000
Sonal Shah,30,Government,21,572,67862,Water Department Engineer,135000
Mahesh Dutta,30,Government,4,32,26878,Customs Officer,143000
Anjali Gupta,36,Private,19,876,73801,Web Developer,97000
Yogesh Pandey,24,Private,23,566,97277,Data Scientist,163000
Ankit Dutta,24,Government,30,593,99500,Forest Ranger,114000
Dev Rao,26,Government,14,8151,61878,Survey Officer,137000
Bhavna Roy,25,Government,1,121,29287,Railway Officer,107000
Kunal Bhattacharya,28,Government,20,728,72720,Railway Officer,106000
Geeta Malhotra,30,Government,7,839,40196,Customs Officer,97000
Tarika Bose,27,Government,11,653,46624,Bank PO,83000
Geeta Kumar,33,Government,7,10862,43355,Indian Air Force Officer,142000
Maya Sharma,31,Private,5,571,41748,Customer Support Executive,59000
Shreya Singh,27,Private,26,5,104573,Android Developer,157000
Kriti Jain,30,Private,20,2177,83698,Data Scientist,151000
Aparna Joshi,33,Private,7,767,28883,IT Analyst,102000
Karanveer Kapoor,33,Private,7,2586,44217,Machine Learning Engineer,60000
Jatin Patel,35,Private,0,18,13481,Data Analyst,136000
Tarun Joshi,33,Government,20,117,76227,Village Development Officer,66000
Pallavi Ghosh,39,Private,0,78,25323,Graphic Designer,158000
Bhavna Patel,26,Private,13,5,59258,SEO Specialist,121000
Shruti Nayak,35,Government,11,5382,60287,Court Clerk,80000
Harsh Malhotra,33,Private,11,6,44193,Graphic Designer,154000
Pooja Thakur,30,Private,24,911,101959,SEO Specialist,156000
Jatin Shah,34,Private,6,5,49301,Technical Support Engineer,84000
Dinesh Pillai,33,Government,5,611,39900,Transport Officer,194000
Umesh Nayak,29,Private,25,87,102204,Business Analyst,57000
Pooja Gill,33,Government,11,536,56429,IPS Officer,196000
Vihaan Pillai,34,Private,15,19,66180,Frontend Developer,62000
Bhuvan Gill,29,Private,3,40,36211,Product Manager,119000
Isha Iyer,29,Private,1,32,23061,SEO Specialist,60000
Pallavi Iyer,25,Private,12,0,61885,Android Developer,74000
Neha Mehta,29,Government,43,6,136353,Government School Principal,650000
Geeta Gupta,23,Private,12,767,53573,Content Writer,62000
Shalini Saxena,29,Private,9,35,55158,Content Writer,111000
Ankit Shah,35,Government,12,102,59085,Government School Principal,187000
Shreya Bhattacharya,37,Private,5,29,45237,Marketing Executive,73000
Kabir Iyer,39,Private,6,1116,48192,IT Analyst,199000
Rohan Rao,38,Private,5,798,19989,Technical Support Engineer,179000
Anjali Reddy,28,Private,4,538,38638,Machine Learning Engineer,179000
Sunita Rao,36,Private,2,5925,17815,Marketing Executive,76000
Karanveer Ghosh,32,Private,5,84,31322,Frontend Developer,180000
Anjali Chatterjee,37,Private,4,29,26280,Business Analyst,107000
Manish Kapoor,31,Private,19,961,85447,Technical Support Engineer,61000
Sakshi Das,32,Government,0,288,18430,Agriculture Officer,197000
Shalini Reddy,39,Private,4,73,40412,Marketing Executive,145000
Aman Reddy,29,Private,36,88,144845,Marketing Executive,367000
Gaurav Dutta,24,Government,2,615,28341,Forest Ranger,151000
Kunal Jain,25,Private,0,0,20052,Technical Support Engineer,198000
Umesh Kumar,31,Private,31,11,130350,AI Researcher,650000
Isha Dutta,39,Government,0,4,25280,Railway Officer,175000
Kavita Jain,26,Government,2,1776,25856,IPS Officer,119000
Pranav Kapoor,36,Private,24,78,101170,AI Researcher,124000
Divya Joshi,31,Private,16,544,85506,Technical Support Engineer,151000
Naveen Roy,39,Private,9,40,57131,Sales Manager,60000
Sunita Trivedi,32,Government,12,0,53721,Survey Officer,162000
Ankit Rao,30,Government,15,30,55685,Public Works Officer,174000
Nitin Trivedi,38,Government,20,35,77638,Customs Officer,133000
Yash Gupta,36,Private,31,40,124753,QA Tester,214000
Pranav Thakur,38,Government,16,2501,55418,Health Department Officer,130000
Pranav Malhotra,36,Private,18,45,72610,UI/UX Designer,155000
Ritu Shah,28,Private,3,1348,27133,HR Manager,127000
Lokesh Jain,32,Government,24,9470,92731,Electricity Board Engineer,789000
Suman Reddy,31,Private,18,125,76221,Graphic Designer,103000
Aparna Trivedi,36,Government,26,654,89886,Income Tax Officer,121000
Rekha Chatterjee,34,Government,26,307,91955,Public Works Officer,194000
Rohit Das,36,Private,2,7239,32212,Content Writer,142000
Yash Nair,33,Private,27,156,101928,Backend Developer,157000
Anjali Agarwal,31,Private,1,54,35008,iOS Developer,114000
Simran Kapoor,23,Government,14,749,55446,Teacher,66000
Manish Patel,37,Private,8,624,41255,Marketing Executive,51000
Yash Kapoor,26,Government,2,100,20556,Junior Assistant,135000
Ritu Chatterjee,35,Private,14,739,66148,Technical Support Engineer,179000
Neha Patel,37,Government,33,230,103880,Court Clerk,55000
Tarun Khan,27,Government,1,131,28571,Administrative Clerk,191000
Deepak Roy,36,Government,12,2578,50388,Agriculture Officer,166000
Kavita Iyer,32,Private,7,526,49151,Digital Marketer,90000
Kunal Sethi,33,Private,12,85,54461,SEO Specialist,61000
Vikram Bhattacharya,38,Private,6,34,42871,Database Administrator,140000
Yash Pillai,35,Government,5,1,26181,Village Development Officer,88000
Suresh Agarwal,30,Private,25,592,92726,Graphic Designer,162000
Kabir Singh,38,Private,0,50,17184,Financial Analyst,122000
Siddharth Dutta,34,Private,0,3027,27937,IT Analyst,124000
Kriti Khan,39,Private,31,48,96266,Software Engineer,148000
Pooja Singh,37,Private,20,27,65218,Product Manager,97000
Tarika Saxena,37,Government,1,10,28083,Post Office Clerk,113000
Aisha Rao,39,Government,14,8224,67168,Transport Officer,752000
Sonal Mehta,33,Government,3,36,31153,Municipal Officer,66000
Divya Thakur,31,Government,37,0,120822,Indian Army Officer,206000
Yogesh Rao,28,Private,12,71,73277,Software Engineer,82000
Ajay Pandey,33,Private,15,819,68222,Backend Developer,172000
Pooja Kothari,32,Government,13,3556,52043,Indian Army Officer,84000
Pooja Bose,34,Private,7,3255,43883,HR Manager,72000
Ajay Joshi,37,Private,10,38,35910,Backend Developer,62000
Rashmi Khan,38,Private,2,580,24583,IT Analyst,153000
Dinesh Sharma,36,Government,10,0,49545,Police Inspector,133000
Ritu Sharma,37,Private,6,106,28813,Data Analyst,51000
Kishore Reddy,28,Government,22,27,74544,Civil Engineer,61000
Arman Mehta,24,Government,11,2,55989,Customs Officer,52000
Sonal Pandey,25,Government,8,514,47940,Indian Army Officer,140000
Vikram Saxena,28,Government,8,13,42946,Indian Air Force Officer,179000
Aisha Das,35,Private,25,687,109134,Digital Marketer,636000
Sakshi Roy,27,Private,5,3,43557,Machine Learning Engineer,80000
Sanjay Thakur,38,Private,11,563,47314,Sales Manager,176000
Rohit Chaudhary,32,Private,1,70,15607,Technical Support Engineer,70000
Nisha Kothari,37,Private,4,1558,16391,Marketing Executive,59000
Kabir Ghosh,31,Private,21,9894,92661,Frontend Developer,716000
Meera Ghosh,30,Government,31,570,108080,Teacher,96000
Lokesh Rao,33,Private,3,87,17525,Technical Support Engineer,118000
Sunita Rao,34,Private,11,1055,47975,Data Analyst,164000
Anjali Das,32,Government,1,500,21486,IAS Officer,90000
Lokesh Jain,23,Private,16,89,76742,Sales Manager,198000
Kunal Mehta,24,Private,30,43,114647,SEO Specialist,782000
Priya Das,38,Private,1,0,18518,Full Stack Developer,81000
Sahil Menon,35,Government,13,286,53074,Government School Principal,79000
Saurabh Sethi,26,Private,35,11,125272,Technical Support Engineer,476000
Manish Thakur,30,Government,28,10,95880,Indian Air Force Officer,136000
Praveen Trivedi,37,Private,3,159,33615,Technical Support Engineer,130000
Sunita Kothari,33,Government,22,12,74463,Bank PO,198000
Aman Chaudhary,34,Private,6,51,38082,System Administrator,177000
Bhuvan Saxena,25,Private,4,2099,25280,Software Engineer,188000
Vivaan Reddy,39,Government,21,86,77080,Police Inspector,181000
Pranav Das,29,Private,0,31,15607,Product Manager,75000
Rajat Kumar,38,Private,9,518,52169,Machine Learning Engineer,65000
Kavita Thakur,35,Private,9,527,55481,HR Manager,156000
Ananya Saxena,34,Private,13,0,62109,QA Tester,165000
Geeta Kapoor,32,Private,0,201,23230,Web Developer,146000
Dev Malhotra,36,Government,4,803,33696,Administrative Clerk,89000
Saurabh Rao,26,Private,14,673,58510,SEO Specialist,79000
Aditya Singh,27,Private,20,220,89738,Database Administrator,137000
Ishaan Sethi,27,Private,39,57,146970,UI/UX Designer,352000
Rekha Jain,36,Private,14,851,71634,Machine Learning Engineer,70000
Kriti Agarwal,32,Private,3,6592,25344,Technical Support Engineer,99000
Rohit Mehta,28,Government,23,0,86500,Indian Navy Officer,99000
Ankit Rao,25,Government,20,95,73615,Junior Assistant,163000
Isha Khan,27,Private,0,6,16418,Sales Manager,139000
Sameer Thakur,30,Private,3,352,34118,QA Tester,110000
Siddharth Chaudhary,33,Private,15,55,83607,IT Analyst,64000
Kriti Roy,33,Private,3,69,33059,AI Researcher,87000
Shreya Mehta,30,Private,6,194,36758,Android Developer,142000
Kunal Bhattacharya,29,Private,1,561,11681,Business Analyst,151000
Aarav Trivedi,24,Private,4,0,35339,Technical Support Engineer,160000
Rahul Mehta,35,Private,11,2000,45299,Graphic Designer,74000
Rohan Malhotra,24,Private,16,134,73613,iOS Developer,108000
Aisha Roy,35,Private,19,91,72917,Backend Developer,60000
Umesh Khan,32,Private,6,57,41076,Business Analyst,123000
Deepak Kothari,30,Private,9,26,61261,Customer Support Executive,118000
Aisha Chatterjee,24,Private,7,30,46698,QA Tester,128000
Sunita Kothari,33,Government,0,677,26298,Indian Air Force Officer,98000
Sunita Thakur,34,Private,2,151,28499,Machine Learning Engineer,93000
Meera Chaudhary,37,Private,1,137,34926,Full Stack Developer,90000
Chirag Agarwal,23,Private,27,106,109653,SEO Specialist,101000
Anjali Sethi,28,Private,1,70,25676,Financial Analyst,74000
Aparna Singh,39,Private,22,3338,87692,Data Analyst,129000
Siddharth Bhat,26,Private,0,2445,19886,Frontend Developer,144000
Kabir Nayak,29,Government,16,944,55429,Defense Clerk,54000
Rajat Kothari,30,Private,3,5,15947,Android Developer,132000
Kriti Reddy,38,Private,17,118,66973,Full Stack Developer,154000
Himanshu Jain,27,Government,0,30,25334,IPS Officer,74000
Rashmi Reddy,31,Private,1,147,36171,DevOps Engineer,165000
Arman Dutta,29,Private,21,1068,78318,Android Developer,71000
Rajat Sharma,33,Private,35,80,140436,Marketing Executive,422000
Vikram Nair,30,Private,6,58,39414,Graphic Designer,85000
Ishaan Saxena,29,Private,16,569,76037,iOS Developer,135000
Kavita Gill,34,Government,2,41,28745,Indian Air Force Officer,87000
Ajay Roy,32,Private,11,7472,60183,Financial Analyst,139000
Kunal Khan,36,Private,4,74,15721,Product Manager,71000
Kunal Nayak,24,Private,15,1045,77362,Marketing Executive,114000
Aditya Chatterjee,25,Government,25,9005,93139,Forest Ranger,376000
Tarika Rao,37,Private,1,709,21711,AI Researcher,141000
Rakesh Jain,23,Private,21,72,79806,Cloud Architect,60000
Ishaan Shah,34,Private,8,2,54510,IT Analyst,126000
Manish Joshi,27,Private,0,53,12682,Frontend Developer,63000
Suman Verma,30,Private,5,96,57818,AI Researcher,110000
Karan Gupta,28,Private,11,581,68676,Full Stack Developer,106000
Mahesh Pillai,26,Private,1,65,20375,QA Tester,71000
Karan Kumar,30,Private,16,698,59960,Android Developer,165000
Rahul Sethi,34,Private,25,0,94680,AI Researcher,182000
Praveen Malhotra,36,Private,21,33,88357,Product Manager,143000
Naveen Chatterjee,25,Government,3,570,26024,IAS Officer,106000
Dev Nayak,26,Private,9,87,37188,Full Stack Developer,90000
Siddharth Joshi,38,Private,20,74,82838,Web Developer,119000
Riya Jain,35,Government,34,95,117532,Indian Air Force Officer,221000
Naveen Trivedi,32,Private,18,1142,83240,Cloud Architect,71000
Ishaan Kapoor,23,Private,4,1,32124,DevOps Engineer,125000
Tarika Kumar,24,Government,20,170,73057,Customs Officer,93000
Isha Roy,27,Private,18,3,77163,Technical Support Engineer,163000
Karan Bose,33,Private,19,2,78705,Product Manager,55000
Rohit Nair,24,Private,14,32,62994,IT Analyst,62000
Bhavna Rao,29,Government,6,0,42102,Defense Clerk,195000
Rohan Kumar,26,Private,37,9487,134052,Digital Marketer,227000
Kunal Chowdhury,30,Private,24,2707,98120,DevOps Engineer,380000
Arman Sethi,28,Private,10,11,49081,Business Analyst,114000
Sunita Malhotra,35,Government,5,565,32235,Post Office Clerk,189000
Aman Dutta,35,Government,4,127,37952,Water Department Engineer,87000
Simran Verma,25,Private,5,5,41113,Technical Support Engineer,191000
Bhavna Pillai,36,Private,30,9,106956,Data Scientist,121000
Arjun Kothari,28,Government,10,19,46173,Defense Clerk,57000
Sai Bose,31,Government,2,9169,25230,Junior Assistant,133000
Ankit Chatterjee,28,Private,8,21,35673,Data Analyst,140000
Karanveer Roy,39,Private,10,39,51066,Business Analyst,138000
Arjun Trivedi,26,Government,15,91,67070,Post Office Clerk,164000
Lokesh Nair,34,Private,25,2144,90734,Machine Learning Engineer,91000
Puneet Roy,23,Private,19,610,62733,Cloud Architect,59000
Ritu Kumar,24,Government,18,763,64436,Sub-Inspector,153000
Kunal Gill,28,Government,18,655,66500,Bank PO,95000
Aman Gupta,34,Private,6,108,43573,Financial Analyst,159000
Rekha Ghosh,25,Private,0,145,24149,Marketing Executive,83000
Shreya Malhotra,38,Private,8,0,54455,Graphic Designer,124000
Nimrat Kumar,27,Private,17,507,60606,HR Manager,195000
Ananya Nair,24,Private,1,559,14639,SEO Specialist,192000
Aisha Patel,30,Private,0,108,19442,Machine Learning Engineer,117000
Dinesh Kumar,24,Private,14,34,61500,Cloud Architect,194000
Kunal Rao,37,Private,0,1023,25650,Cloud Architect,135000
Vivaan Saxena,34,Private,21,32,93433,SEO Specialist,80000
Nisha Kothari,36,Government,7,85,36608,IPS Officer,129000
Sakshi Roy,33,Government,15,132,53396,Indian Air Force Officer,178000
Meera Trivedi,38,Private,10,84,51915,Content Writer,102000
Rohit Khan,32,Private,1,2,19469,Content Writer,193000
Rohan Das,31,Private,33,5150,129702,Data Scientist,459000
Arjun Jain,32,Private,4,7590,40276,Sales Manager,102000
Arnav Nayak,23,Private,14,963,60099,HR Manager,79000
Rakesh Ghosh,37,Private,0,0,27479,Data Analyst,95000
Megha Nair,39,Government,9,144,44725,Public Works Officer,142000
Vivek Rao,33,Government,7,733,43540,Customs Officer,64000
Yash Mehta,24,Private,14,0,68890,Digital Marketer,142000
Mahesh Malhotra,35,Private,25,0,93729,Web Developer,99000
Vikram Rao,39,Government,5,0,39410,Government School Principal,79000
Nitin Joshi,32,Government,16,870,64232,Forest Ranger,148000
Nisha Mehta,23,Government,11,112,48892,IAS Officer,80000
Ananya Sethi,28,Private,0,199,15397,System Administrator,124000
Dinesh Saxena,34,Private,3,0,11786,DevOps Engineer,191000
Vihaan Menon,29,Private,2,18,19203,UI/UX Designer,178000
Yogesh Kapoor,27,Private,17,525,65539,AI Researcher,129000
Rajat Roy,33,Private,31,159,113234,UI/UX Designer,603000
Bhuvan Mehta,27,Private,10,17,53341,Android Developer,125000
Aditya Khan,36,Private,0,10977,10924,Technical Support Engineer,76000
Ritu Agarwal,32,Private,3,1116,35788,Web Developer,194000
Ananya Roy,26,Government,3,47,26661,Water Department Engineer,185000
Ajay Gill,38,Private,6,0,30548,System Administrator,87000
Rajat Chatterjee,35,Government,21,0,71616,Indian Army Officer,76000
Lokesh Chowdhury,23,Private,9,107,54589,Android Developer,125000
Himanshu Chaudhary,34,Government,2,595,26435,Revenue Officer,55000
Vikram Chowdhury,37,Private,20,633,82311,SEO Specialist,87000
Rekha Reddy,34,Government,7,588,32080,Health Department Officer,123000
Karan Sharma,34,Government,25,11,89382,Survey Officer,69000
Sai Pillai,25,Private,1,725,13338,Product Manager,146000
Yash Rao,23,Private,1,13,26537,SEO Specialist,59000
Rashmi Roy,31,Private,5,2000,28559,Frontend Developer,172000
Arman Mehta,31,Government,3,2,25514,Revenue Officer,91000
Vivaan Khan,32,Private,20,2434,75457,Sales Manager,62000
Aarav Kapoor,27,Private,11,0,53716,Marketing Executive,186000
Naveen Sethi,38,Government,17,839,65187,Transport Officer,128000
Harsh Ghosh,39,Private,0,170,32350,Database Administrator,89000
Tanya Saxena,32,Private,3,113,22243,Cloud Architect,106000
Pooja Gupta,30,Private,17,49,67220,iOS Developer,190000
Simran Thakur,34,Government,3,555,36091,Civil Engineer,168000
Karanveer Pandey,36,Private,31,4794,106620,QA Tester,458000
Tanya Chaudhary,25,Private,26,53,103542,Software Engineer,190000
Bhuvan Sharma,26,Private,18,84,67247,Web Developer,66000
Gaurav Mehta,39,Private,0,168,10386,Financial Analyst,153000
Megha Reddy,33,Private,3,11,9656,Product Manager,155000
Mahesh Kumar,38,Private,12,43,60729,Product Manager,122000
Neha Saxena,30,Private,11,167,59243,Data Analyst,133000
Neha Pillai,29,Private,1,1,20557,Data Analyst,170000
Vihaan Chaudhary,35,Private,0,714,20613,Data Scientist,78000
Rohit Kothari,37,Private,10,0,60278,Frontend Developer,133000
Arman Rao,27,Private,18,344,84168,Digital Marketer,57000
Rakesh Nayak,30,Private,8,722,49204,Software Engineer,144000
Puneet Bhattacharya,32,Private,14,18,77465,Database Administrator,60000
Rekha Ghosh,37,Private,25,79,92361,Business Analyst,192000
Arnav Ghosh,32,Private,19,789,90299,Data Analyst,189000
Manish Kapoor,32,Private,13,224,67377,Database Administrator,146000
Sonal Kapoor,26,Private,11,847,53800,Frontend Developer,199000
Karan Das,36,Private,6,828,47933,Product Manager,71000
Vivek Ghosh,30,Government,4,55,28453,Municipal Officer,196000
Dinesh Das,34,Private,3,85,30192,HR Manager,78000
Meera Thakur,28,Private,33,117,120135,QA Tester,690000
Rajat Roy,39,Private,9,7,40820,Business Analyst,191000
Siddharth Nayak,30,Government,2,570,31326,Teacher,180000
Suman Verma,36,Private,24,2287,90381,IT Analyst,123000
Tarika Verma,39,Government,25,105,89901,Health Department Officer,68000
Isha Gupta,31,Government,3,0,26662,Municipal Officer,191000
Yash Roy,37,Government,4,1292,32328,Survey Officer,125000
Sonal Iyer,39,Private,0,19,19897,Data Analyst,125000
Aman Bose,31,Private,0,44,22118,Financial Analyst,123000
Isha Bhattacharya,30,Private,1,154,36051,Cloud Architect,140000
Vivek Rao,31,Private,29,124,103894,HR Manager,72000
Shalini Bhattacharya,23,Private,8,15,50279,Software Engineer,101000
Aditya Saxena,39,Private,33,112,123999,HR Manager,744000
Geeta Mehta,25,Private,0,744,24389,HR Manager,111000
Tarika Rao,27,Government,10,608,46584,Indian Army Officer,163000
Sameer Thakur,27,Private,5,260,37591,iOS Developer,173000
Mahesh Mehta,29,Private,36,0,125192,Software Engineer,478000
Riya Malhotra,35,Private,9,0,60157,Financial Analyst,160000
Megha Kapoor,30,Private,23,2217,96126,QA Tester,193000
Dev Nayak,33,Private,0,155,12990,Product Manager,57000
Dev Iyer,30,Private,10,3292,40445,Software Engineer,98000
Praveen Mehta,33,Private,3,1011,33202,DevOps Engineer,191000
Manish Agarwal,31,Private,25,8,96018,Sales Manager,57000
Dinesh Kumar,24,Private,35,113,135912,Data Scientist,755000
Aditya Bhat,25,Private,23,715,96900,Software Engineer,146000
Isha Agarwal,23,Private,8,40,48255,Cloud Architect,115000
Meera Bose,33,Government,1,721,19040,Forest Ranger,56000
Aarav Jain,26,Government,4,502,34851,Junior Assistant,51000
Sonal Ghosh,27,Private,21,993,96509,Marketing Executive,137000
Umesh Kothari,33,Government,13,39,55503,Post Office Clerk,178000
Kabir Chowdhury,32,Private,10,48,54851,Product Manager,184000
Nitin Shah,24,Private,6,516,34073,QA Tester,68000
Nimrat Saxena,23,Private,12,70,68728,IT Analyst,186000
Kunal Bose,39,Private,3,12,14321,Data Analyst,139000
Pranav Malhotra,27,Government,3,122,22581,Post Office Clerk,132000
Arjun Rao,28,Private,6,593,42892,Web Developer,164000
Rahul Mehta,24,Private,17,61,81561,HR Manager,138000
Vivek Bose,27,Government,7,7,49435,Survey Officer,149000
Pallavi Bhat,23,Private,5,0,24682,Graphic Designer,69000
Dinesh Bhattacharya,29,Private,27,64,123648,Technical Support Engineer,545000
Nitin Bhattacharya,28,Government,7,5797,40053,Railway Officer,196000
Sameer Verma,36,Private,36,7,144588,Web Developer,312000
Sahil Patel,36,Private,1,144,22802,UI/UX Designer,86000
Ishaan Verma,26,Private,4,581,33842,DevOps Engineer,90000
Gaurav Chaudhary,34,Private,4,1144,45542,Graphic Designer,121000
Himanshu Nayak,34,Private,7,0,47562,Machine Learning Engineer,98000
Pooja Iyer,38,Private,23,730,91482,Product Manager,133000
Nisha Jain,31,Private,29,39,101297,HR Manager,155000
Ritu Menon,26,Government,2,932,31409,Junior Assistant,86000
Mohit Kumar,23,Private,4,583,35922,SEO Specialist,197000
Saurabh Thakur,27,Private,9,18690,61241,Customer Support Executive,487000
Harsh Das,39,Private,0,130,27564,Financial Analyst,174000
Vikram Roy,27,Private,10,107,40560,Marketing Executive,122000
Chirag Kapoor,23,Private,5,905,29950,Backend Developer,86000
Nimrat Rao,25,Government,5,8,37269,Junior Assistant,181000
Suresh Chaudhary,36,Government,6,532,41086,Administrative Clerk,189000
Rajat Chaudhary,39,Government,17,0,69835,Teacher,184000
Pooja Joshi,33,Private,5,0,42827,Machine Learning Engineer,167000
Megha Iyer,26,Government,2,507,28011,Post Office Clerk,121000
Praveen Kapoor,25,Private,5,842,33791,Data Scientist,106000
Divya Sethi,23,Private,25,113,102546,iOS Developer,143000
Siddharth Bhattacharya,34,Private,12,861,44609,Full Stack Developer,154000
Riya Nair,26,Government,6,573,34061,Forest Ranger,61000
Kavita Trivedi,32,Private,19,2660,85263,Product Manager,106000
Pranav Mehta,25,Government,2,544,21122,Defense Clerk,72000
Siddharth Iyer,39,Private,0,10091,40970,Full Stack Developer,122000
Tanya Iyer,27,Government,3,57,40608,Customs Officer,132000
Pallavi Ghosh,23,Private,4,890,37938,Sales Manager,106000
Rashmi Gupta,27,Private,21,931,101590,AI Researcher,112000
Bhuvan Sethi,25,Private,13,180,59239,Data Analyst,106000
Divya Malhotra,23,Government,10,95,40129,Transport Officer,114000
Aisha Gill,29,Private,17,117,73607,Graphic Designer,73000
Sonal Das,38,Government,5,105,38287,Survey Officer,124000
Kriti Gupta,29,Government,19,873,70650,Post Office Clerk,191000
Ananya Gill,25,Private,24,64,99595,Customer Support Executive,199000
Simran Chaudhary,35,Government,5,698,34824,Government School Principal,64000
Praveen Agarwal,32,Government,5,18,36454,Customs Officer,123000
Rohan Trivedi,27,Private,2,107,11639,Cloud Architect,71000
Pooja Dutta,28,Government,1,760,16084,Police Inspector,94000
Sakshi Singh,25,Private,23,672,102652,Backend Developer,157000
Aisha Kapoor,37,Private,3,587,23960,Android Developer,126000
Karanveer Pillai,33,Government,3,95,30107,Administrative Clerk,52000
Vivek Nair,27,Private,22,176,104267,Digital Marketer,165000
Manish Roy,23,Government,38,522,122852,Junior Assistant,403000
Sonal Trivedi,29,Government,11,5,55494,IPS Officer,91000
Lokesh Verma,31,Private,26,4395,100451,Android Developer,438000
Lokesh Saxena,29,Private,14,48,64811,Digital Marketer,199000
Maya Roy,33,Private,9,67,41970,UI/UX Designer,191000
Aditya Agarwal,39,Private,2,1472,17341,Frontend Developer,87000
Kavita Malhotra,38,Private,30,655,106527,QA Tester,109000
Tanya Gill,32,Private,2,764,20551,Product Manager,103000
Sunita Trivedi,28,Private,28,272,97788,Backend Developer,72000
Aparna Shah,37,Private,6,1,27429,System Administrator,151000
Karan Saxena,27,Government,7,0,45520,Public Works Officer,128000
Geeta Nair,33,Private,4,800,34584,HR Manager,53000
Shalini Singh,32,Private,24,121,100575,Android Developer,120000
Deepak Kumar,38,Government,11,4034,51121,Transport Officer,94000
Gaurav Das,24,Government,1,18218,40945,Teacher,742000
Naveen Gupta,34,Private,2,20,29501,IT Analyst,183000
Bhavna Sethi,35,Private,7,918,26450,Machine Learning Engineer,167000
Nisha Jain,32,Government,10,538,57046,Administrative Clerk,175000
Priya Kapoor,28,Private,1,49,18555,Graphic Designer,159000
Rajat Verma,27,Private,3,175,41387,SEO Specialist,138000
Isha Gupta,25,Private,18,59,79934,Sales Manager,164000
Kriti Malhotra,39,Private,7,28,30890,DevOps Engineer,168000
Tanya Kumar,34,Government,2,65,27002,Court Clerk,157000
Tarun Thakur,26,Private,2,89,22371,Software Engineer,168000
Rashmi Rao,27,Private,28,32,101643,Data Scientist,68000
Vikas Mehta,24,Private,15,6,57031,IT Analyst,140000
Meera Singh,27,Private,7,728,47638,Frontend Developer,95000
Simran Das,23,Private,11,105,65860,Data Analyst,196000
Ajay Shah,39,Government,0,752,19925,Survey Officer,53000
Jatin Sethi,27,Government,20,1002,78020,Railway Officer,74000
Nitin Chatterjee,36,Private,41,106,151949,HR Manager,683000
Ishaan Dutta,34,Private,38,670,144924,Content Writer,669000
Ishaan Singh,23,Private,19,589,81911,Customer Support Executive,61000
Shalini Chatterjee,31,Government,7,1282,37595,Bank PO,115000
Umesh Das,23,Government,7,200,36948,Agriculture Officer,84000
Manish Reddy,35,Private,29,116,128603,Graphic Designer,483000
Ankit Sharma,29,Private,8,17,53112,Data Analyst,57000
Zoya Chowdhury,26,Government,34,2390,124086,Sub-Inspector,458000
Suman Malhotra,27,Government,7,5,43722,Civil Engineer,124000
Ankit Kothari,35,Private,6,746,33323,Technical Support Engineer,113000
Pallavi Nair,34,Government,17,26,76035,Village Development Officer,158000
Rohan Kapoor,23,Private,9,32,40688,Machine Learning Engineer,52000
Rakesh Verma,35,Government,1,507,21071,Indian Air Force Officer,129000
Lokesh Mehta,31,Private,2,598,24852,Web Developer,172000
Ishaan Bose,34,Government,1,607,25620,Indian Navy Officer,103000
Anjali Sharma,39,Government,3,836,25393,Civil Engineer,103000
Ritu Bhattacharya,23,Private,0,674,20768,AI Researcher,93000
Aditya Rao,35,Private,15,5,70734,Technical Support Engineer,143000
Mohit Trivedi,25,Government,9,2000,44615,Junior Assistant,50000
Suresh Menon,30,Private,8,678,46521,IT Analyst,190000
Aparna Nair,38,Private,1,667,9175,Financial Analyst,55000
Ishaan Trivedi,24,Private,19,275,70236,Backend Developer,70000
Saurabh Gill,31,Private,13,0,76044,Machine Learning Engineer,196000
Bhuvan Chaudhary,38,Private,13,120,63260,iOS Developer,68000
Rashmi Agarwal,29,Government,9,12,42406,Civil Engineer,197000
Tarun Iyer,30,Private,6,602,43302,Frontend Developer,99000
Nimrat Pandey,33,Private,24,36,104195,Data Scientist,134000
Chirag Verma,23,Private,2,10,12282,QA Tester,60000
Kavita Sethi,32,Private,24,0,96346,Data Scientist,172000
Lokesh Roy,34,Government,11,6776,51253,Government School Principal,84000
Umesh Gupta,39,Government,9,71,52165,Customs Officer,64000
Praveen Nayak,29,Government,3,89,30438,Revenue Officer,174000
Arjun Das,25,Private,34,47,120897,Database Administrator,568000
Meera Kumar,34,Private,2,10148,26817,Web Developer,157000
Vivek Dutta,30,Private,19,148,76876,Frontend Developer,73000
Kunal Joshi,31,Government,8,1148,40982,Indian Navy Officer,93000
Sonal Bhat,32,Government,2,509,32007,Railway Officer,141000
Vivaan Trivedi,32,Government,1,79,27724,Customs Officer,61000
Vivaan Bhat,31,Private,2,1,32571,Database Administrator,136000
Rajat Rao,35,Private,1,15,21728,System Administrator,118000
Meera Patel,32,Private,3,1021,19588,iOS Developer,161000
Megha Malhotra,23,Government,22,0,79640,Electricity Board Engineer,139000
Dinesh Chatterjee,38,Government,31,74,101941,Indian Navy Officer,90000
Dev Dutta,38,Government,0,668,10680,Administrative Clerk,136000
Geeta Bhat,39,Private,31,13,125852,Customer Support Executive,394000
Dinesh Joshi,32,Private,13,0,59236,IT Analyst,173000
Bhuvan Sharma,39,Private,3,269,29939,iOS Developer,169000
Priya Menon,30,Private,4,614,36693,Database Administrator,121000
Priya Ghosh,30,Private,5,71,24167,Data Scientist,75000
Tarun Chaudhary,24,Private,13,1096,65286,Cloud Architect,127000
Ananya Verma,26,Private,7,655,43674,Sales Manager,93000
Shreya Trivedi,34,Private,26,1381,95010,Full Stack Developer,58000
Chirag Bhattacharya,35,Government,7,5,43327,IPS Officer,155000
Suman Dutta,37,Private,41,0,145192,Graphic Designer,720000
Arman Saxena,24,Private,0,502,38939,Sales Manager,173000
Rekha Mehta,26,Government,45,0,146485,Administrative Clerk,487000
Megha Saxena,26,Government,8,682,46961,Indian Navy Officer,148000
Geeta Kumar,34,Private,11,46,64717,IT Analyst,139000
Lokesh Gupta,25,Private,32,442,122754,Digital Marketer,607000
Gaurav Reddy,37,Private,2,6,20445,Android Developer,198000
Ankit Roy,37,Government,5,41,41472,Water Department Engineer,115000
Vivaan Joshi,24,Government,4,18,35075,Municipal Officer,187000
Sonal Bhattacharya,26,Private,0,15,14179,Frontend Developer,109000
Dev Singh,26,Government,9,15,39167,Revenue Officer,195000
Divya Chowdhury,38,Private,1,545,18762,Software Engineer,165000
Pranav Verma,36,Private,22,9,96671,iOS Developer,62000
Rahul Gupta,29,Private,14,93,61272,Cloud Architect,146000
Rakesh Bhat,25,Government,1,8,26898,Income Tax Officer,117000
Priya Joshi,38,Government,8,56,38729,Forest Ranger,141000
Divya Malhotra,33,Private,14,4,62646,Database Administrator,116000
Maya Kumar,29,Government,34,822,113431,Sub-Inspector,778000
Aparna Saxena,35,Private,14,17,78467,Graphic Designer,151000
Bhuvan Pillai,23,Private,3,87,31891,Customer Support Executive,125000
Pranav Trivedi,30,Private,17,540,71682,HR Manager,136000
Ankit Agarwal,29,Private,0,0,36737,QA Tester,191000
Ritu Verma,30,Private,11,145,51729,Database Administrator,66000
Geeta Malhotra,24,Private,36,51,147341,Graphic Designer,332000
Gaurav Shah,32,Private,3,18,26378,SEO Specialist,187000
Saurabh Chowdhury,33,Private,28,558,109147,Android Developer,440000
Arman Pillai,29,Private,0,121,11327,HR Manager,163000
Ajay Kapoor,30,Private,2,861,26538,Web Developer,148000
Sanjay Chaudhary,36,Government,8,27,48925,IPS Officer,93000
Suresh Patel,31,Private,10,2691,44781,Full Stack Developer,104000
Isha Bhat,33,Private,6,2171,46262,Graphic Designer,105000
Naveen Nair,34,Private,32,302,124325,UI/UX Designer,406000
Dinesh Dutta,37,Private,5,11162,34473,Database Administrator,185000
Karanveer Menon,39,Government,3,941,29806,Indian Army Officer,54000
Siddharth Chaudhary,30,Private,7,516,36910,Financial Analyst,61000
Tanya Pillai,34,Private,19,1478,93624,Web Developer,142000
Vihaan Kumar,39,Private,4,12,25898,UI/UX Designer,81000
Rahul Khan,31,Private,13,67,62303,Customer Support Executive,122000
Aarav Patel,24,Private,2,74,14243,Marketing Executive,104000
Rohan Nair,25,Private,1,11,28758,IT Analyst,183000
Maya Kothari,38,Government,43,77,140909,Income Tax Officer,427000
Priya Patel,36,Government,27,790,100774,Post Office Clerk,60000
Kabir Mehta,24,Government,28,961,101343,Customs Officer,198000
Tarun Nayak,31,Private,23,58,84663,Cloud Architect,127000
Zoya Jain,29,Private,1,890,15256,Financial Analyst,179000
Aman Jain,35,Private,4,1322,41385,Software Engineer,176000
Anjali Iyer,27,Private,14,113,59722,SEO Specialist,96000
Kabir Bose,24,Private,0,5998,17773,Marketing Executive,77000
Dev Chowdhury,33,Private,10,0,49411,Digital Marketer,72000
Arjun Pillai,28,Private,2,5568,24611,System Administrator,116000
Gaurav Patel,37,Private,34,219,137406,System Administrator,418000
Deepak Trivedi,27,Private,1,537,16576,Full Stack Developer,92000
Bhuvan Kapoor,35,Private,3,1,16352,Machine Learning Engineer,137000
Aman Singh,29,Private,10,6,36907,System Administrator,86000
Megha Singh,25,Private,15,580,52446,Machine Learning Engineer,76000
Rakesh Mehta,26,Private,20,500,99847,Financial Analyst,65000
Suresh Pandey,36,Private,4,776,27666,HR Manager,85000
Ishaan Gill,35,Government,20,26,73019,Junior Assistant,86000
Meera Sharma,26,Government,7,0,37663,Municipal Officer,165000
Maya Nair,33,Government,9,593,40046,Indian Army Officer,64000
Rohan Reddy,32,Private,2,142,28085,Customer Support Executive,175000
Tanya Shah,28,Government,3,106,40085,IPS Officer,198000
Mahesh Kapoor,26,Private,17,604,73341,QA Tester,148000
Kunal Nayak,23,Government,8,890,45835,Health Department Officer,99000
Mohit Chowdhury,23,Private,4,30,37999,Data Analyst,61000
Kabir Iyer,26,Government,15,2,56369,Court Clerk,100000
Umesh Iyer,27,Private,3,44,28331,Android Developer,128000
Ankit Khan,26,Private,6,525,28492,Business Analyst,124000
Sanjay Kothari,39,Government,4,584,26971,Electricity Board Engineer,103000
Meera Kumar,39,Private,6,176,51878,Sales Manager,155000
Divya Chowdhury,36,Government,2,745,22522,Customs Officer,95000
Sunita Thakur,29,Private,1,88,12674,IT Analyst,81000
Bhavna Bose,28,Private,13,31,64939,Backend Developer,80000
Ritu Gupta,23,Government,13,582,44249,Village Development Officer,63000
Harsh Chowdhury,32,Government,9,997,41260,Income Tax Officer,60000
Suman Sethi,31,Government,6,138,34949,Public Works Officer,83000
Vivaan Chaudhary,35,Private,7,712,52769,SEO Specialist,176000
Arman Kapoor,27,Private,1,1098,21146,Machine Learning Engineer,129000
Karan Chatterjee,34,Private,22,22,100884,Web Developer,160000
Yogesh Chaudhary,34,Private,12,573,62349,HR Manager,167000
Dev Saxena,30,Private,12,26,59880,HR Manager,56000
Umesh Chowdhury,33,Private,2,698,25569,Product Manager,80000
Chirag Ghosh,33,Private,20,2754,75551,AI Researcher,79000
Manish Mehta,36,Private,0,28,30646,QA Tester,110000
Kriti Saxena,31,Government,13,715,54700,Indian Navy Officer,62000
Sai Kumar,24,Private,7,582,51622,Software Engineer,84000
Arjun Shah,34,Private,16,0,71280,HR Manager,170000
Gaurav Reddy,32,Private,10,25,44674,Customer Support Executive,110000
Riya Ghosh,39,Government,5,29,34553,Defense Clerk,96000
Sunita Reddy,37,Private,11,1763,49462,Web Developer,145000
Kishore Khan,27,Government,2,39,33079,Income Tax Officer,149000
Jatin Rao,29,Government,4,5,45636,Indian Navy Officer,143000
Neha Roy,31,Government,36,40,112592,Customs Officer,312000
Arjun Menon,27,Government,7,0,32977,Sub-Inspector,68000
Himanshu Malhotra,33,Private,0,524,26224,Product Manager,183000
Saurabh Thakur,31,Private,2,40,32206,AI Researcher,129000
Megha Sethi,30,Government,6,94,41379,Municipal Officer,96000
Anjali Pillai,39,Private,3,538,33725,HR Manager,79000
Shruti Pillai,32,Private,17,699,78755,Web Developer,76000
Tarika Nair,37,Private,5,1612,48731,System Administrator,152000
Kunal Chowdhury,37,Private,2,0,18939,iOS Developer,86000
Isha Bhat,36,Private,3,38,35671,Backend Developer,161000
Tarika Pandey,23,Private,16,100,63878,Backend Developer,124000
Nisha Kapoor,30,Private,27,813,106815,System Administrator,139000
Rekha Rao,34,Private,5,910,24976,DevOps Engineer,93000
Dev Bhat,25,Private,4,25,32427,Software Engineer,182000
Tarika Rao,33,Government,27,577,88343,Teacher,185000
Suresh Kapoor,31,Private,5,1050,25795,QA Tester,172000
Kavita Menon,35,Government,14,526,69983,IAS Officer,192000
Rahul Jain,29,Private,1,12,22832,Android Developer,66000
Mohit Patel,32,Government,14,5,56058,Municipal Officer,197000
Nisha Chatterjee,31,Government,14,1345,60926,Public Works Officer,84000
Riya Bhat,23,Government,22,1247,72979,Public Works Officer,84000
Sameer Das,29,Private,12,920,61141,Customer Support Executive,188000
Sunita Sharma,23,Private,10,49,66471,DevOps Engineer,181000
Sonal Pandey,29,Government,19,554,78152,Court Clerk,179000
Megha Dutta,23,Private,3,647,24414,Digital Marketer,66000
Manish Chatterjee,38,Private,12,0,49811,AI Researcher,94000
Jatin Bhat,23,Private,3,0,25214,Marketing Executive,135000
Sakshi Bhattacharya,29,Government,40,91,134285,Forest Ranger,388000
Rakesh Sethi,29,Private,8,31,51662,AI Researcher,143000
Kunal Mehta,31,Private,43,749,153494,Cloud Architect,412000
Priya Gupta,37,Government,46,226,139279,Defense Clerk,695000
Manish Chowdhury,28,Private,4,600,41668,AI Researcher,179000
Ritu Bose,29,Private,10,26,48186,Database Administrator,65000
Kriti Roy,25,Private,20,645,95514,Customer Support Executive,84000
Himanshu Khan,38,Private,14,700,69078,Digital Marketer,185000
Sunita Chatterjee,27,Private,16,0,76361,AI Researcher,134000
Vivek Singh,27,Government,4,66,26817,Electricity Board Engineer,163000
Karan Singh,35,Government,0,79,17447,Junior Assistant,119000
Mohit Trivedi,31,Government,0,1082,19557,Police Inspector,193000
Kunal Nayak,35,Government,0,0,14780,Defense Clerk,102000
Sai Mehta,27,Government,7,0,40401,Railway Officer,58000
Tanya Saxena,24,Private,12,97,45931,iOS Developer,62000
Vikram Thakur,27,Private,1,174,12113,HR Manager,145000
Rekha Shah,29,Private,0,58,9163,Machine Learning Engineer,87000
Saurabh Ghosh,23,Private,13,590,51944,Product Manager,150000
Harsh Nayak,31,Government,14,777,56482,Indian Air Force Officer,143000
Tanya Rao,38,Government,15,115,69215,Railway Officer,137000
Sakshi Gill,29,Private,11,5000,48195,Graphic Designer,162000
Nisha Saxena,25,Government,6,121,39982,Civil Engineer,137000
Simran Sethi,39,Private,21,23,84286,Backend Developer,105000
Umesh Shah,23,Government,3,602,29964,Bank PO,54000
Yogesh Chatterjee,36,Government,3,10,27025,Indian Army Officer,83000
Mohit Saxena,39,Private,6,0,38249,Content Writer,151000
Zoya Gupta,38,Private,3,58,13462,DevOps Engineer,171000
Jatin Pillai,23,Private,11,9,53528,Cloud Architect,124000
Megha Sethi,32,Private,0,0,6000,AI Researcher,187000
Vivek Jain,24,Private,11,9,54974,Machine Learning Engineer,67000
Aarav Pandey,37,Government,0,177,29573,Water Department Engineer,198000
Geeta Pillai,23,Private,5,4041,38709,Database Administrator,55000
Nisha Kapoor,35,Private,2,515,28835,Product Manager,85000
Karan Shah,23,Private,41,3,143602,Technical Support Engineer,318000
Vikram Nair,27,Private,8,46,61828,Frontend Developer,114000
Mohit Das,30,Private,0,2421,16628,iOS Developer,193000
Pooja Patel,24,Government,11,4001,46679,Income Tax Officer,160000
Sameer Trivedi,39,Private,3,51,27880,Frontend Developer,114000
Pallavi Chaudhary,32,Private,11,669,50437,HR Manager,192000
Rekha Kothari,26,Government,17,53,61784,Agriculture Officer,192000
Saurabh Malhotra,32,Private,4,609,31950,Customer Support Executive,196000
Tanya Patel,25,Private,2,56,24534,iOS Developer,169000
Puneet Iyer,36,Government,1,58,32070,Village Development Officer,76000
Umesh Malhotra,32,Government,8,0,37826,Transport Officer,106000
Sanjay Joshi,25,Private,4,553,37618,Full Stack Developer,178000
Megha Bhattacharya,33,Private,32,0,127368,Technical Support Engineer,747000
Rahul Rao,29,Private,13,507,71305,SEO Specialist,172000
Aditya Kapoor,25,Private,41,0,164564,Backend Developer,361000
Aman Mehta,23,Government,0,38,21292,Health Department Officer,170000
Arman Nayak,31,Government,1,10390,21059,Government School Principal,139000
Nimrat Sharma,24,Private,0,639,30292,Web Developer,105000
Rohit Sharma,37,Private,3,0,16747,Cloud Architect,75000
Karan Singh,30,Private,5,7109,29259,Data Analyst,58000
Kunal Chatterjee,27,Private,27,830,95782,Frontend Developer,145000
Harsh Bhat,31,Private,0,811,19157,Full Stack Developer,85000
Kabir Bose,28,Government,24,625,86415,Civil Engineer,119000
Suresh Thakur,25,Government,11,53,63624,Electricity Board Engineer,93000
Yogesh Thakur,35,Government,8,142,44403,Forest Ranger,160000
Sakshi Sharma,29,Private,14,1076,39049,Sales Manager,190000
Vivek Reddy,36,Private,17,0,78266,DevOps Engineer,168000
Puneet Khan,31,Private,35,38,126938,Frontend Developer,349000
Rekha Saxena,29,Private,9,216,48624,UI/UX Designer,90000
Karanveer Roy,30,Government,4,0,32168,Indian Navy Officer,176000
Megha Menon,37,Private,6,2332,39803,Data Analyst,180000
Suresh Sethi,27,Private,6,187,38434,iOS Developer,154000
Sanjay Singh,34,Private,0,919,6934,Full Stack Developer,171000
Tarika Jain,33,Government,15,1141,59510,Indian Army Officer,199000
Dinesh Trivedi,36,Government,14,101,56587,Health Department Officer,82000
Rashmi Kapoor,35,Government,0,19022,26978,Health Department Officer,730000
Yogesh Nayak,37,Private,28,629,99102,Content Writer,65000
Aisha Agarwal,32,Private,12,989,61483,Graphic Designer,54000
Dev Chatterjee,32,Government,28,1168,101595,Forest Ranger,198000
Aman Reddy,23,Private,31,598,122709,Database Administrator,235000
Karan Rao,26,Government,19,141,69985,Junior Assistant,129000
Rahul Rao,25,Government,10,726,40324,Income Tax Officer,143000
Megha Shah,23,Private,38,0,140919,Machine Learning Engineer,536000
Pooja Trivedi,30,Government,4,834,28843,Police Inspector,123000
Siddharth Gupta,34,Private,3,30,36541,Android Developer,116000
Yash Malhotra,38,Private,20,820,77508,Cloud Architect,133000
Tarika Bhattacharya,33,Government,7,886,37144,Indian Air Force Officer,58000
Arnav Joshi,39,Private,12,1273,55359,Product Manager,119000
Arnav Bose,36,Private,8,110,45836,Backend Developer,51000
Harsh Chaudhary,27,Private,2,159,10789,Data Scientist,66000
Umesh Jain,23,Government,3,711,33164,Indian Navy Officer,152000
Rashmi Nayak,30,Government,15,47,73053,Transport Officer,77000
Harsh Jain,27,Private,22,73,86894,Cloud Architect,127000
Divya Saxena,28,Private,5,0,25531,Web Developer,179000
Manish Gupta,36,Private,2,13,19085,Backend Developer,163000
Rohit Rao,24,Government,4,0,34095,Railway Officer,123000
Rajat Agarwal,38,Government,34,137,105902,Health Department Officer,101000
Sakshi Das,39,Private,6,9,33021,System Administrator,121000
Rohan Ghosh,30,Private,13,510,61984,Database Administrator,165000
Suresh Dutta,24,Private,18,72,89441,Data Analyst,148000
Meera Saxena,35,Private,5,16,38071,Software Engineer,59000
Vihaan Gupta,25,Government,17,129,71889,Defense Clerk,117000
Siddharth Kothari,39,Government,21,3266,81173,Forest Ranger,174000
Zoya Sethi,36,Private,24,2,98609,UI/UX Designer,155000
Isha Pillai,24,Private,24,563,93963,Content Writer,117000
Rekha Shah,25,Private,17,109,75273,Graphic Designer,107000
Aarav Bhattacharya,25,Government,17,196,68006,Police Inspector,111000
Praveen Chatterjee,30,Private,26,561,88409,Financial Analyst,168000
Bhavna Kothari,26,Private,13,2366,66082,Sales Manager,125000
Riya Agarwal,36,Private,13,80,49983,UI/UX Designer,143000
Rekha Verma,26,Private,2,8074,28775,Cloud Architect,64000
Bhuvan Bose,30,Government,18,1704,69977,Revenue Officer,162000
Sunita Rao,33,Private,2,1274,29136,UI/UX Designer,93000
Ananya Mehta,35,Government,7,59,38538,Sub-Inspector,188000
Anjali Saxena,31,Private,23,72,92914,Data Scientist,198000
Ankit Rao,30,Private,9,0,42787,DevOps Engineer,199000
Shreya Khan,34,Private,22,149,92961,DevOps Engineer,137000
Pooja Nayak,25,Government,8,199,43162,Teacher,152000
Kavita Rao,25,Private,5,4,29087,Sales Manager,114000
Arnav Iyer,35,Private,7,2694,43158,Full Stack Developer,152000
Isha Patel,30,Private,1,0,22524,Graphic Designer,196000
Megha Chaudhary,34,Private,22,24,81953,Business Analyst,92000
Umesh Rao,34,Private,17,31,82460,Android Developer,145000
Siddharth Mehta,39,Private,11,1176,62621,Web Developer,92000
Rahul Pandey,23,Government,1,977,22358,Teacher,124000
Ritu Jain,34,Government,20,1120,69384,Electricity Board Engineer,111000
Shalini Jain,33,Private,1,8,23057,IT Analyst,184000
Dev Thakur,38,Private,6,10,31292,DevOps Engineer,182000
Meera Agarwal,29,Private,23,742,106141,Data Scientist,82000
Aparna Bhat,25,Government,1,53,27601,Village Development Officer,161000
Anjali Malhotra,27,Private,23,538,94194,Graphic Designer,59000
Ritu Gill,31,Private,12,153,52559,Financial Analyst,138000
Kabir Saxena,33,Government,4,800,35656,Administrative Clerk,75000
Nitin Singh,30,Government,26,142,85361,Civil Engineer,122000
Pranav Joshi,24,Private,13,3070,47823,Android Developer,84000
Dev Chaudhary,29,Private,7,13,40898,Product Manager,69000
Naveen Menon,24,Private,5,153,38298,iOS Developer,70000
Shruti Patel,28,Private,11,1796,56949,AI Researcher,141000
Saurabh Chowdhury,25,Private,5,53,33813,Android Developer,128000
Pranav Saxena,31,Government,11,19,49204,Agriculture Officer,103000
Pallavi Ghosh,25,Private,29,0,110768,Graphic Designer,161000
Nimrat Roy,38,Private,27,874,107938,SEO Specialist,732000
Pooja Bhattacharya,35,Government,22,643,78921,Court Clerk,117000
Ishaan Pillai,37,Private,1,143,29283,Backend Developer,192000
Umesh Jain,35,Private,0,619,13810,IT Analyst,126000
Rahul Chatterjee,23,Private,7,79,43410,Frontend Developer,158000
Puneet Saxena,23,Private,2,749,19657,Cloud Architect,146000
Harsh Chaudhary,31,Government,1,18,22317,Police Inspector,111000
Aarav Roy,28,Private,0,1023,12127,HR Manager,122000
Pallavi Bhat,28,Private,15,676,61106,Business Analyst,154000
Sanjay Chowdhury,39,Private,21,2000,74044,Machine Learning Engineer,191000
Naveen Verma,34,Private,32,43,136343,Content Writer,770000
Yogesh Nair,27,Government,28,17,95591,Agriculture Officer,142000
Karan Kothari,27,Private,14,95,77318,Product Manager,191000
Rohan Bose,31,Private,15,4,51184,Business Analyst,53000
Rohit Agarwal,28,Government,0,169,20309,Police Inspector,121000
Bhavna Gupta,39,Government,8,34,40612,Indian Army Officer,167000
Sahil Rao,24,Government,30,2000,104270,Municipal Officer,663000
Aditya Rao,29,Private,9,0,41928,Financial Analyst,173000
Riya Das,26,Government,13,49,62208,Teacher,118000
Rohan Verma,29,Private,0,28,15469,Software Engineer,142000
Vikas Nayak,35,Government,0,15,12902,Defense Clerk,59000
Sunita Iyer,35,Government,4,89,38752,Village Development Officer,97000
Deepak Thakur,34,Private,10,9,45155,UI/UX Designer,180000
Mahesh Reddy,26,Private,39,130,145939,Business Analyst,218000
Rajat Reddy,39,Government,28,1127,93256,Customs Officer,108000
Divya Bose,33,Private,8,4,40251,Data Scientist,86000
Shruti Bhattacharya,23,Private,31,727,116829,Machine Learning Engineer,281000
Vikram Das,34,Private,27,45,117498,UI/UX Designer,729000
Vivek Chaudhary,34,Government,26,4,91515,Survey Officer,138000
Aisha Nayak,30,Private,20,9,86474,Business Analyst,84000
Ajay Das,31,Private,24,165,106259,Full Stack Developer,96000
Karan Jain,30,Private,16,162,82605,SEO Specialist,175000
Nimrat Dutta,28,Private,0,15,21506,Software Engineer,86000
Aisha Jain,23,Private,19,81,84640,SEO Specialist,105000
Gaurav Chatterjee,32,Private,2,44,35669,Content Writer,52000
Lokesh Malhotra,32,Private,35,5,118950,Frontend Developer,355000
Lokesh Menon,32,Private,6,122,44025,Web Developer,58000
Ishaan Rao,30,Private,0,41,23053,Backend Developer,164000
Arman Roy,28,Private,17,227,73877,Software Engineer,104000
Anjali Kothari,39,Private,0,420,22161,AI Researcher,105000
Isha Chaudhary,36,Private,10,185,49072,UI/UX Designer,181000
Meera Ghosh,32,Private,4,3883,10438,Data Analyst,98000
Dinesh Kumar,32,Private,17,0,49484,Customer Support Executive,134000
Priya Thakur,37,Private,7,85,45133,Backend Developer,198000
Pallavi Chowdhury,36,Private,7,0,44593,Product Manager,58000
Nisha Saxena,25,Government,0,27,22742,Income Tax Officer,180000
Umesh Kumar,25,Private,11,680,46672,Content Writer,91000
Nisha Chaudhary,25,Private,28,4423,110789,Backend Developer,215000
Rohit Saxena,27,Private,3,0,25037,Content Writer,84000
Sameer Shah,31,Private,12,3,78465,Database Administrator,75000
Rashmi Reddy,29,Private,5,98,25501,Web Developer,174000
Aarav Saxena,25,Private,8,132,45282,Sales Manager,171000
Meera Saxena,28,Government,29,904,98014,Bank PO,155000
Gaurav Menon,28,Private,1,654,18176,Database Administrator,189000
Arnav Joshi,29,Private,16,927,78082,Machine Learning Engineer,144000
Ananya Patel,28,Private,21,237,89233,Backend Developer,94000
Sonal Iyer,25,Government,5,151,37423,Electricity Board Engineer,186000
Ankit Nayak,36,Private,37,266,128088,DevOps Engineer,468000
Sunita Pandey,30,Private,17,94,71304,Content Writer,119000
Sameer Rao,37,Private,8,3,44360,Backend Developer,84000
Rahul Dutta,23,Private,36,78,134261,Customer Support Executive,691000
Aisha Bose,38,Private,2,71,18085,AI Researcher,104000
Tanya Pillai,35,Government,2,628,29434,Electricity Board Engineer,191000
Bhavna Das,36,Private,31,19,120972,iOS Developer,748000
Kavita Kothari,32,Private,18,0,74071,Financial Analyst,139000
Karan Roy,37,Government,33,3269,110009,Post Office Clerk,705000
Vivaan Chaudhary,30,Government,0,68,28747,Indian Air Force Officer,135000
Kavita Menon,31,Private,39,42,138934,Sales Manager,439000
Sanjay Gill,31,Private,29,0,111908,Android Developer,684000
Kavita Singh,33,Government,17,0,63746,Health Department Officer,96000
Yogesh Bhattacharya,38,Private,1,126,27763,Content Writer,153000
Rahul Agarwal,30,Government,29,5580,87669,Indian Navy Officer,562000
Tanya Sharma,35,Private,8,9,50387,HR Manager,66000
Dev Gill,29,Government,0,7216,32031,Indian Army Officer,199000
Rashmi Sharma,28,Private,7,3884,43378,Database Administrator,151000
Aarav Menon,36,Government,24,65,78734,Indian Army Officer,149000
Arjun Saxena,29,Government,8,786,41879,Sub-Inspector,69000
Rohan Chatterjee,25,Government,4,33,42505,Water Department Engineer,108000
Nisha Kumar,38,Government,6,5,39480,Post Office Clerk,87000
Aman Trivedi,38,Private,0,633,6000,Graphic Designer,54000
Neha Menon,32,Private,0,4790,19721,Data Analyst,111000
Tarika Kothari,25,Private,4,602,31388,Marketing Executive,62000
Vivek Singh,36,Private,2,746,27476,Technical Support Engineer,123000
Rahul Reddy,36,Government,19,31,78826,Sub-Inspector,117000
Simran Thakur,34,Private,0,55,13545,System Administrator,84000
Tanya Joshi,25,Private,6,116,44039,Digital Marketer,176000
Mohit Bhattacharya,37,Private,1,504,22623,Business Analyst,161000
Mohit Reddy,29,Private,2,77,16221,System Administrator,106000
Saurabh Pandey,35,Private,29,6769,110105,Product Manager,513000
Suresh Malhotra,32,Government,0,0,20600,Transport Officer,144000
Kriti Patel,24,Private,4,621,31633,Cloud Architect,144000
Kunal Iyer,25,Private,6,540,40772,Content Writer,96000
Anjali Reddy,24,Private,17,762,58937,Technical Support Engineer,81000
Karan Rao,30,Private,4,317,39647,Software Engineer,78000
Rohit Chaudhary,28,Private,6,593,39580,Technical Support Engineer,173000
Sunita Iyer,24,Private,36,181,126505,Data Scientist,685000
Kriti Shah,28,Private,19,10,85043,Customer Support Executive,109000
Pallavi Chowdhury,34,Private,21,0,79191,QA Tester,64000
Isha Gill,32,Government,3,3448,29478,Bank PO,80000
Suresh Chaudhary,32,Private,11,89,59284,SEO Specialist,163000
Sameer Kapoor,28,Private,14,111,65577,Software Engineer,133000
Dinesh Saxena,32,Private,2,103,9826,Frontend Developer,99000
Simran Roy,26,Government,13,563,51330,Post Office Clerk,138000
Arman Nair,37,Private,3,16,23841,Marketing Executive,72000
Jatin Kapoor,23,Private,29,827,121802,Graphic Designer,300000
Kunal Kumar,30,Private,3,4213,34674,Backend Developer,128000
Lokesh Nayak,37,Private,0,597,14500,AI Researcher,128000
Aparna Saxena,32,Private,14,741,57579,Machine Learning Engineer,59000
Rajat Iyer,27,Private,0,78,29670,Software Engineer,56000
Divya Kumar,35,Government,28,6,93731,Forest Ranger,140000
Divya Thakur,25,Government,1,81,21409,Revenue Officer,160000
Tarun Reddy,38,Private,13,504,60465,UI/UX Designer,70000
Kavita Reddy,35,Private,4,722,30097,Marketing Executive,161000
Sahil Saxena,23,Government,30,862,111158,Forest Ranger,451000
Pooja Chaudhary,31,Government,17,580,71385,Civil Engineer,193000
Aparna Ghosh,32,Government,2,34,29178,Sub-Inspector,75000
Pooja Chatterjee,38,Private,23,1097,96939,HR Manager,150000
Dev Mehta,25,Government,31,42,108258,Income Tax Officer,185000
Mohit Joshi,23,Private,18,7,64802,Business Analyst,199000
Riya Dutta,26,Private,22,612,82008,Database Administrator,142000
Siddharth Mehta,33,Private,21,13,85877,Graphic Designer,84000
Vikas Reddy,25,Private,1,30,26417,Cloud Architect,186000
Harsh Patel,38,Government,0,546,16642,Agriculture Officer,74000
Naveen Reddy,24,Private,4,65,37719,Software Engineer,58000
Sonal Khan,24,Government,12,28,57460,Municipal Officer,85000
Zoya Roy,39,Private,21,68,91845,IT Analyst,84000
Nitin Singh,31,Government,16,640,71898,Police Inspector,97000
Shruti Jain,31,Private,14,141,65844,Sales Manager,55000
Geeta Reddy,37,Private,4,509,30407,System Administrator,186000
Tanya Bhat,36,Private,6,41,35465,Content Writer,51000
Vikas Iyer,33,Private,0,383,13730,Product Manager,111000
Divya Sethi,31,Private,0,58,17578,SEO Specialist,131000
Riya Bose,36,Government,2,16,19737,Bank PO,127000
Pooja Pillai,26,Government,17,128,73715,Police Inspector,146000
Vikram Saxena,29,Private,34,1736,132211,Marketing Executive,476000
Lokesh Chatterjee,34,Private,0,1073,18820,HR Manager,136000
Meera Roy,35,Private,22,3042,69605,Graphic Designer,78000
Ananya Kapoor,26,Private,3,60,27908,Cloud Architect,118000
Rashmi Pandey,30,Private,1,83,19782,Android Developer,71000
Nitin Agarwal,28,Government,23,0,82987,Income Tax Officer,124000
Ananya Singh,33,Private,32,27,124879,QA Tester,632000
Arnav Mehta,33,Government,37,2928,119760,Sub-Inspector,674000
Sakshi Bhattacharya,28,Private,4,50,49731,Full Stack Developer,152000
Riya Reddy,30,Private,0,161,24261,Graphic Designer,93000
Suresh Bhattacharya,38,Government,35,777,113478,Income Tax Officer,213000
Pranav Das,25,Private,5,25,47703,Data Scientist,144000
Aarav Saxena,31,Government,17,21,70481,Teacher,151000
Pranav Sethi,28,Private,18,2155,85827,Machine Learning Engineer,190000
Ishaan Shah,29,Government,30,2747,98757,Revenue Officer,741000
Pallavi Kapoor,36,Private,0,679,29054,Full Stack Developer,176000
Bhuvan Jain,27,Private,1,884,37032,Frontend Developer,123000
Sameer Bose,33,Private,5,92,42691,Frontend Developer,89000
Rahul Rao,30,Government,0,0,24319,Village Development Officer,75000
Ankit Trivedi,31,Private,1,23,20666,Software Engineer,128000
Ajay Shah,27,Private,1,31,30423,UI/UX Designer,144000
Himanshu Dutta,33,Private,1,610,25784,Full Stack Developer,199000
Mahesh Reddy,29,Private,14,136,65127,Business Analyst,185000
Rohan Joshi,34,Private,2,19,22544,HR Manager,133000
Mahesh Singh,36,Private,1,1210,18776,Data Analyst,109000
Arman Pandey,25,Private,7,1972,42077,Android Developer,134000
Rahul Roy,27,Private,33,1097,127176,UI/UX Designer,496000
Isha Ghosh,34,Private,0,8,15797,Frontend Developer,165000
Aditya Saxena,33,Private,6,525,35531,AI Researcher,97000
Sai Patel,30,Government,1,86,22319,Indian Air Force Officer,99000
Rahul Chowdhury,24,Private,0,797,26700,iOS Developer,173000
Pooja Rao,37,Private,1,117,19367,Android Developer,119000
Simran Roy,33,Private,13,716,62874,Machine Learning Engineer,116000
Ritu Bhattacharya,27,Government,38,81,122149,Customs Officer,504000
Sahil Dutta,27,Government,14,30,57222,Teacher,55000
Vikram Kothari,29,Government,2,161,30598,Government School Principal,114000
Mahesh Bose,25,Government,22,110,87523,Agriculture Officer,176000
Lokesh Chaudhary,30,Private,0,20,13612,HR Manager,98000
Megha Saxena,27,Government,8,93,45276,Electricity Board Engineer,68000
Gaurav Saxena,25,Government,6,595,29008,Village Development Officer,68000
Chirag Sethi,26,Private,27,14,100424,System Administrator,90000
Dev Shah,23,Private,13,194,62692,Full Stack Developer,112000
Harsh Ghosh,23,Private,8,42,39144,Marketing Executive,127000
Rajat Shah,30,Private,26,227,104887,Data Scientist,64000
Ishaan Khan,30,Private,2,618,17544,SEO Specialist,72000
Pooja Verma,25,Private,13,46,61359,Machine Learning Engineer,86000
Rahul Bhat,33,Government,36,59,117890,Revenue Officer,645000
Vikas Sethi,35,Private,4,19,27067,Content Writer,173000
Lokesh Chaudhary,29,Private,0,2295,12562,SEO Specialist,184000
Isha Saxena,36,Private,5,57,28351,HR Manager,112000
Shalini Ghosh,32,Government,13,1069,61477,Government School Principal,68000
Jatin Gupta,28,Private,0,70,16613,Software Engineer,62000
Deepak Verma,24,Private,0,175,26119,Customer Support Executive,179000
Aparna Nair,34,Government,8,892,41312,IPS Officer,120000
Nisha Kumar,39,Government,0,0,21583,Survey Officer,75000
Chirag Verma,30,Private,20,4,80016,IT Analyst,151000
Arman Khan,35,Private,26,57,107410,iOS Developer,60000
Rohan Verma,29,Private,2,133,8911,Data Scientist,156000
Isha Jain,26,Government,21,543,75723,Railway Officer,87000
Sameer Thakur,26,Private,29,901,114692,Marketing Executive,238000
Ritu Mehta,23,Private,1,206,7725,Frontend Developer,158000
Harsh Verma,32,Private,21,3025,80161,Technical Support Engineer,96000
Aarav Chaudhary,26,Government,6,513,40806,Teacher,65000
Nimrat Pandey,25,Private,2,1,23276,System Administrator,195000
Anjali Menon,27,Private,8,2462,41838,Technical Support Engineer,141000
Nisha Dutta,33,Government,3,122,29980,Customs Officer,94000
Praveen Das,37,Private,22,754,88319,HR Manager,183000
Sai Shah,29,Government,20,89,64721,Public Works Officer,141000
Zoya Verma,37,Private,5,1010,48303,Android Developer,52000
Karanveer Iyer,32,Private,3,41,29304,Technical Support Engineer,194000
Rohit Chatterjee,26,Private,7,6564,37258,Sales Manager,196000
Riya Sharma,32,Private,1,102,14754,Technical Support Engineer,113000
Jatin Gill,38,Private,37,1054,132790,Digital Marketer,434000
Karan Rao,39,Government,0,14235,23907,Health Department Officer,115000
Siddharth Gill,39,Government,0,513,21929,Income Tax Officer,116000
Pranav Patel,31,Government,1,0,18871,Administrative Clerk,126000
Rohan Roy,30,Private,4,6412,27730,Product Manager,160000
Pooja Rao,30,Private,35,677,145142,Financial Analyst,587000
Sanjay Rao,27,Private,36,27,149949,SEO Specialist,370000
Ankit Nayak,29,Private,32,0,127860,Product Manager,258000
Ajay Trivedi,38,Private,13,0,62576,Technical Support Engineer,158000
Karanveer Joshi,25,Government,1,807,14577,Public Works Officer,115000
Pooja Roy,30,Private,2,875,25931,Technical Support Engineer,116000
Rakesh Das,39,Private,0,44,24606,Machine Learning Engineer,64000
Sai Nayak,34,Government,1,163,25914,Transport Officer,125000
Divya Rao,32,Private,4,111,11380,Digital Marketer,147000
Dev Nair,31,Private,7,9215,61072,UI/UX Designer,297000
Kavita Rao,38,Government,20,5,75588,Transport Officer,108000
Rekha Thakur,35,Government,6,576,37324,Agriculture Officer,83000
Tarika Nayak,37,Government,16,2510,63278,Police Inspector,146000
Ritu Pandey,33,Private,12,56,28665,Machine Learning Engineer,197000
Yogesh Saxena,25,Private,8,85,42579,Digital Marketer,94000
Zoya Jain,24,Private,10,605,48257,Backend Developer,189000
Pooja Chatterjee,27,Private,0,0,28190,UI/UX Designer,79000
Suman Gill,38,Private,17,612,68867,QA Tester,162000
Jatin Roy,31,Private,22,73,100505,AI Researcher,178000
Zoya Gill,24,Government,2,756,38049,Civil Engineer,60000
Ajay Sethi,39,Private,1,58,21012,Cloud Architect,167000
Shalini Pandey,26,Private,6,567,26511,Graphic Designer,71000
Manish Saxena,24,Government,30,632,103172,Transport Officer,185000
Sai Agarwal,25,Private,12,78,57459,Content Writer,89000
Suman Bose,23,Private,7,40,38374,Full Stack Developer,175000
Karanveer Kothari,33,Private,7,20,46939,Web Developer,64000
Rakesh Das,37,Private,9,565,39804,HR Manager,137000
Karanveer Roy,24,Government,3,59,28172,Village Development Officer,62000
Mahesh Kumar,35,Government,17,1159,77156,Junior Assistant,185000
Aparna Roy,33,Government,2,4,31542,Public Works Officer,127000
Nimrat Pillai,36,Government,28,615,95419,Forest Ranger,90000
Zoya Kapoor,26,Private,23,578,97465,Data Analyst,177000
Mahesh Mehta,25,Private,20,271,74328,Business Analyst,81000
Jatin Gill,27,Private,18,5243,82663,Customer Support Executive,537000
Gaurav Kapoor,27,Private,3,2048,21483,Sales Manager,57000
Arman Rao,26,Private,16,3118,59690,IT Analyst,113000
Aparna Kothari,25,Private,41,7,147208,Technical Support Engineer,595000
Rohan Mehta,32,Government,35,682,116184,Railway Officer,387000
Nitin Gupta,30,Private,18,137,88978,iOS Developer,154000
Rajat Rao,24,Private,3,64,22098,System Administrator,81000
Kavita Kapoor,36,Government,4,417,25646,Survey Officer,127000
Arnav Singh,23,Government,33,25,116490,Village Development Officer,765000
Geeta Agarwal,24,Private,25,646,107859,HR Manager,51000
Bhavna Thakur,23,Government,20,31,64182,IPS Officer,107000
Tarun Pandey,26,Private,5,156,24359,AI Researcher,124000
Bhuvan Singh,33,Private,21,0,80625,Marketing Executive,57000
Pooja Patel,29,Private,18,623,67813,Cloud Architect,147000
Sai Rao,23,Government,6,0,54521,Defense Clerk,50000
Priya Bhat,36,Private,0,62,6000,SEO Specialist,142000
Pooja Agarwal,25,Private,13,28,67950,Financial Analyst,147000
Kabir Saxena,24,Private,5,1121,33721,QA Tester,188000
Zoya Bhattacharya,31,Private,5,617,22260,Product Manager,182000
Pallavi Chaudhary,30,Private,13,58,46818,Technical Support Engineer,93000
Kunal Malhotra,31,Private,15,842,57569,Machine Learning Engineer,156000
Ankit Kapoor,38,Private,42,587,157529,Graphic Designer,663000
Aditya Menon,26,Government,13,34,65759,Defense Clerk,65000
Tarun Khan,33,Private,43,932,157238,iOS Developer,481000
Aman Rao,30,Government,19,1187,81257,IAS Officer,166000
Meera Kothari,31,Government,8,684,46378,Water Department Engineer,104000
Bhuvan Dutta,34,Private,17,2245,88862,Content Writer,142000
Harsh Nayak,34,Private,10,2308,58909,HR Manager,128000
Arjun Trivedi,38,Government,3,657,25806,Court Clerk,74000
Kabir Ghosh,32,Government,7,50,39429,Indian Navy Officer,168000
Naveen Iyer,35,Government,6,707,39137,Forest Ranger,195000
Ankit Chatterjee,37,Private,6,634,37336,SEO Specialist,188000
Gaurav Nayak,31,Private,3,64,26089,Data Scientist,76000
Bhuvan Saxena,27,Private,2,634,28196,QA Tester,130000
Anjali Menon,31,Private,23,1009,79150,Software Engineer,189000
Meera Menon,32,Private,1,142,15934,UI/UX Designer,173000
Siddharth Menon,35,Private,4,23,31575,Technical Support Engineer,111000
Vikas Menon,24,Private,5,128,21449,Backend Developer,131000
Ritu Jain,34,Private,16,125,67491,Cloud Architect,131000
Aparna Patel,23,Government,0,54,22617,IAS Officer,94000
Nisha Singh,34,Private,13,1332,36756,Software Engineer,154000
Yogesh Reddy,37,Private,13,10,48476,Android Developer,94000
Siddharth Bhattacharya,25,Private,6,322,45594,Product Manager,145000
Kabir Khan,28,Private,0,187,14891,Sales Manager,134000
Megha Das,33,Private,13,502,68682,SEO Specialist,117000
Kunal Dutta,29,Government,8,851,39355,Revenue Officer,98000
Pallavi Gupta,37,Private,3,26,38346,QA Tester,177000
Rekha Ghosh,35,Private,21,155,92589,HR Manager,142000
Arman Joshi,25,Private,4,84,32728,Data Analyst,72000
Bhavna Gill,24,Private,30,509,122286,Content Writer,542000
Rajat Nayak,35,Private,33,536,129347,Machine Learning Engineer,413000
Karan Gupta,28,Government,16,504,67282,Forest Ranger,186000
Yogesh Trivedi,23,Government,7,124,39331,Bank PO,77000
Pooja Malhotra,31,Government,0,856,27829,Forest Ranger,99000
Sunita Gill,39,Government,15,47,65805,Customs Officer,133000
Karan Trivedi,28,Private,0,1,6974,AI Researcher,56000
Neha Jain,25,Government,6,713,42832,Defense Clerk,94000
Karanveer Singh,24,Government,3,660,29514,Health Department Officer,175000
Kabir Thakur,34,Private,1,5,11455,Digital Marketer,105000
Kishore Pillai,25,Private,0,59,19609,Customer Support Executive,174000
Rekha Chaudhary,34,Private,0,134,19905,Customer Support Executive,166000
Vihaan Gupta,23,Private,17,5279,70463,Business Analyst,105000
Pallavi Chatterjee,25,Government,1,90,28245,Customs Officer,95000
Shalini Nair,23,Private,5,542,35194,Customer Support Executive,122000
Manish Reddy,35,Government,21,70,81947,Public Works Officer,187000
Naveen Pandey,32,Private,1,702,22090,QA Tester,100000
Praveen Saxena,39,Private,17,660,75058,Customer Support Executive,71000
Sai Pillai,39,Private,15,0,76694,Graphic Designer,78000
Aisha Ghosh,29,Private,18,58,83105,Backend Developer,81000
Yash Iyer,37,Private,20,675,86403,Marketing Executive,97000
Pooja Bhattacharya,37,Government,7,30,38284,IPS Officer,149000
Aisha Singh,30,Private,1,11,19597,SEO Specialist,91000
Arman Thakur,27,Private,2,17,16584,Product Manager,161000
Pooja Reddy,29,Private,9,522,56711,Data Scientist,181000
Riya Menon,30,Private,6,51,39004,Content Writer,87000
Shalini Verma,33,Private,46,70,163796,QA Tester,770000
Vihaan Bose,26,Private,30,31,112462,Data Analyst,726000
Geeta Gill,33,Private,16,21,73833,HR Manager,74000
Vikas Singh,39,Private,13,5,63552,System Administrator,57000
Umesh Kapoor,38,Private,9,2651,41448,QA Tester,170000
Zoya Chatterjee,25,Private,4,645,25351,HR Manager,127000
Sahil Patel,29,Government,1,690,28530,Public Works Officer,56000
Naveen Agarwal,34,Government,25,516,84554,Post Office Clerk,96000
Megha Thakur,39,Private,27,792,101157,SEO Specialist,113000
Karan Singh,25,Private,14,11072,74664,Customer Support Executive,735000
Rohit Chaudhary,23,Private,0,27,6000,Business Analyst,117000
Ankit Menon,35,Government,1,14,30894,Government School Principal,130000
Dinesh Nair,36,Private,1,1356,19850,HR Manager,84000
Chirag Kothari,32,Private,4,0,14548,Database Administrator,89000
Ishaan Gill,39,Private,0,538,7538,Digital Marketer,131000
Dev Rao,28,Government,44,116,145100,Revenue Officer,767000
Mahesh Sethi,34,Government,5,584,27725,Indian Air Force Officer,131000
Sahil Nair,26,Private,7,770,35108,UI/UX Designer,185000
Rekha Nair,25,Private,14,636,64282,Business Analyst,53000
Himanshu Chowdhury,29,Private,11,33,63079,System Administrator,85000
Kunal Saxena,35,Government,1,236,30157,Customs Officer,55000
Sai Gill,35,Private,12,0,63190,Product Manager,155000
Manish Kumar,34,Private,29,0,111836,IT Analyst,424000
Harsh Chowdhury,26,Private,16,739,77421,Financial Analyst,182000
Arman Shah,37,Private,17,112,72083,Full Stack Developer,99000
Isha Nair,34,Private,26,94,115925,Database Administrator,315000
Riya Das,27,Private,21,877,84114,Data Scientist,186000
Bhavna Chatterjee,31,Private,7,8,26170,Customer Support Executive,169000
Dinesh Iyer,35,Private,14,894,65163,Full Stack Developer,107000
Dev Pillai,33,Private,16,119,58187,SEO Specialist,186000
Vikas Ghosh,30,Private,3,114,24003,SEO Specialist,70000
Kabir Sethi,27,Government,4,7519,38077,Municipal Officer,190000
Praveen Pillai,33,Private,1,131,21701,Machine Learning Engineer,118000
Aditya Kothari,23,Private,8,956,47492,Product Manager,101000
Tanya Joshi,35,Private,17,141,75094,Android Developer,85000
Rohit Chaudhary,25,Private,2,0,21906,Data Scientist,107000
Suman Shah,37,Private,3,257,24374,Digital Marketer,73000
Bhuvan Roy,29,Government,15,3,64155,Income Tax Officer,192000
Kishore Chatterjee,29,Private,3,0,18536,Frontend Developer,78000
Kunal Mehta,32,Private,9,0,56160,Product Manager,80000
Yogesh Pandey,30,Government,11,69,53921,Government School Principal,134000
Gaurav Kumar,39,Private,0,991,8916,Database Administrator,192000
Tanya Shah,27,Private,3,638,30225,DevOps Engineer,121000
Meera Gill,38,Private,36,574,139880,Financial Analyst,201000
Aisha Malhotra,24,Private,9,661,55861,Data Scientist,87000
Deepak Dutta,28,Private,9,81,43801,QA Tester,122000
Ritu Saxena,24,Private,0,0,23386,Android Developer,155000
Vikas Bhat,37,Private,4,17,27824,UI/UX Designer,135000
Nisha Gupta,32,Government,18,610,67704,Indian Air Force Officer,53000
Umesh Das,32,Private,17,4361,75119,Android Developer,78000
Isha Thakur,39,Private,12,47,60585,Business Analyst,130000
Tarika Saxena,37,Government,1,2293,23547,IPS Officer,183000
Suresh Roy,25,Private,12,597,47939,Web Developer,198000
Anjali Jain,35,Government,5,6621,35725,IPS Officer,91000
Kishore Trivedi,24,Government,3,791,29775,Municipal Officer,83000
Vihaan Mehta,28,Private,8,789,44116,Marketing Executive,71000
Nitin Singh,24,Private,19,0,85147,Sales Manager,191000
Chirag Sethi,30,Government,6,37,44781,Civil Engineer,168000
Aman Kothari,33,Private,23,3,90268,Backend Developer,66000
Pooja Ghosh,28,Private,3,46,29992,Customer Support Executive,178000
Riya Patel,27,Private,15,8020,67847,Business Analyst,517000
Divya Shah,31,Government,8,8,48294,Bank PO,73000
Vivek Dutta,38,Private,5,956,24753,SEO Specialist,131000
Ajay Chatterjee,29,Private,8,1080,54017,Marketing Executive,187000
Maya Nair,25,Government,1,19,18966,Bank PO,94000
Puneet Ghosh,26,Private,20,97,85220,IT Analyst,192000
Himanshu Chaudhary,33,Private,5,0,52832,System Administrator,123000
Tanya Roy,36,Private,1,95,38359,Marketing Executive,100000
Geeta Khan,36,Government,4,516,29576,Forest Ranger,187000
Riya Rao,23,Government,13,124,51317,Indian Navy Officer,91000
Sonal Reddy,24,Private,23,26,91382,QA Tester,102000
Aditya Dutta,39,Government,2,526,28499,Income Tax Officer,195000
Isha Mehta,29,Private,12,2675,45154,QA Tester,106000
Nisha Kothari,37,Private,2,26,29235,AI Researcher,115000
Umesh Chowdhury,24,Government,12,0,58247,Bank PO,164000
Kavita Kothari,35,Private,2,32,30483,Content Writer,181000
Aparna Pandey,31,Private,17,13,84724,Web Developer,64000
Riya Bose,32,Private,5,3,48304,Data Analyst,154000
Sahil Chaudhary,27,Private,14,67,59908,IT Analyst,123000
Pranav Shah,35,Government,29,14,94547,Post Office Clerk,196000
Maya Gupta,34,Private,0,21,6129,QA Tester,106000
Neha Ghosh,33,Private,12,50,57303,Digital Marketer,157000
Sanjay Das,32,Government,9,2641,43187,Railway Officer,119000
Deepak Rao,38,Private,16,13,80412,SEO Specialist,138000
Maya Chaudhary,35,Private,10,67,60890,IT Analyst,127000
Sonal Chaudhary,27,Private,4,819,35720,IT Analyst,51000
Megha Verma,39,Government,38,546,123791,Income Tax Officer,681000
Aman Reddy,31,Government,2,30,28305,Administrative Clerk,169000
Kishore Bose,39,Government,6,28,37983,Village Development Officer,117000
Nitin Kumar,31,Private,9,42,42945,Product Manager,193000
Rajat Sethi,26,Government,1,44,23445,Village Development Officer,118000
Rahul Jain,30,Government,16,28,64198,Indian Air Force Officer,56000
Saurabh Kapoor,34,Private,3,52,33806,Digital Marketer,135000
Suresh Nayak,27,Private,7,230,40579,iOS Developer,127000
Kishore Iyer,35,Government,7,583,36920,Bank PO,194000
Mahesh Gill,30,Private,32,0,131523,Sales Manager,694000
Praveen Sethi,31,Government,19,986,65616,Indian Army Officer,170000
Karanveer Sethi,39,Government,1,0,28367,Electricity Board Engineer,182000
Sahil Reddy,33,Private,13,1199,47525,Frontend Developer,57000
Yogesh Thakur,36,Private,12,0,71621,Technical Support Engineer,97000
Vihaan Pandey,26,Government,17,384,71834,Income Tax Officer,121000
Rashmi Bhattacharya,25,Private,34,813,139527,Financial Analyst,784000
Shalini Nayak,26,Private,28,3,113707,Financial Analyst,741000
Kunal Shah,35,Private,7,540,49068,System Administrator,138000
Dev Joshi,26,Government,4,0,32044,Income Tax Officer,121000
Kriti Roy,33,Private,2,15,26767,UI/UX Designer,83000
Dev Kapoor,36,Private,5,129,31732,Full Stack Developer,119000
Karanveer Sethi,31,Private,5,39,34614,IT Analyst,124000
Sameer Chaudhary,33,Government,12,836,64291,Civil Engineer,65000
Vikram Das,24,Private,19,86,83225,Cloud Architect,143000
Kunal Saxena,30,Private,0,4731,19018,Backend Developer,56000
Rohit Rao,35,Government,0,24,28184,Forest Ranger,193000
Arnav Khan,25,Private,5,1,37869,Content Writer,119000
Kavita Chaudhary,32,Private,11,983,55647,DevOps Engineer,71000
Bhuvan Bhattacharya,25,Private,18,506,76389,Marketing Executive,99000
Tarun Bhat,28,Private,17,32,71525,Backend Developer,103000
Sonal Roy,29,Private,37,61,142748,IT Analyst,257000
Tanya Chatterjee,37,Government,2,64,22014,Teacher,156000
Aisha Kothari,32,Government,3,2337,26030,Income Tax Officer,123000
Aman Jain,39,Government,19,26,68890,Court Clerk,56000
Karanveer Rao,25,Government,0,79,23533,IPS Officer,191000
Tanya Saxena,25,Private,1,42,23741,DevOps Engineer,141000
Meera Bose,27,Private,6,99,43219,DevOps Engineer,137000
Neha Rao,24,Private,15,500,71293,Customer Support Executive,141000
Siddharth Gill,24,Private,6,838,33135,Marketing Executive,89000
Manish Rao,25,Private,15,88,75851,Customer Support Executive,87000
Divya Bhattacharya,39,Private,4,795,30767,Full Stack Developer,88000
Yogesh Saxena,30,Government,0,716,24762,Municipal Officer,79000
Sai Kumar,28,Private,10,713,51715,Graphic Designer,73000
Divya Nair,23,Private,4,0,18793,AI Researcher,83000
Nimrat Chowdhury,28,Private,0,35,19927,Data Analyst,187000
Ajay Sharma,38,Government,10,0,50883,Post Office Clerk,107000
Dinesh Saxena,26,Private,5,179,28580,HR Manager,91000
Jatin Rao,32,Private,7,8218,43649,Financial Analyst,161000
Suresh Bose,36,Private,8,910,40415,iOS Developer,171000
Sameer Shah,26,Private,0,1580,14085,Android Developer,60000
Vikram Pandey,29,Private,6,56,27601,iOS Developer,117000
Meera Das,29,Private,14,614,62880,SEO Specialist,84000
Umesh Roy,35,Private,30,0,127225,iOS Developer,506000
Sahil Pandey,27,Private,17,46,78893,Sales Manager,125000
Pallavi Bhat,34,Private,3,2399,29783,Data Scientist,179000
Zoya Bhattacharya,24,Government,25,26,92970,Court Clerk,159000
Himanshu Verma,31,Private,23,1,91014,Technical Support Engineer,70000
Aisha Roy,25,Private,7,20,33316,UI/UX Designer,70000
Simran Nair,23,Private,14,1159,63400,Machine Learning Engineer,75000
Vikas Bhattacharya,27,Private,4,95,25517,Sales Manager,147000
Mahesh Nair,25,Government,1,9,19313,Health Department Officer,69000
Riya Nayak,37,Government,9,67,40031,Court Clerk,198000
Tarika Chowdhury,32,Private,2,106,28916,Marketing Executive,178000
Pooja Ghosh,26,Private,7,35,43917,Content Writer,150000
Rajat Gupta,24,Private,0,8432,16182,Digital Marketer,185000
Sai Bhat,31,Private,6,704,36529,IT Analyst,190000
Sahil Pandey,26,Government,12,0,49760,Court Clerk,199000
Praveen Rao,24,Private,9,0,49424,Data Scientist,116000
Ajay Dutta,36,Government,5,584,39039,Customs Officer,181000
Bhuvan Mehta,26,Government,1,59,24320,IAS Officer,115000
Tarika Nayak,30,Private,12,184,50248,HR Manager,152000
Pranav Verma,28,Private,4,15,16626,SEO Specialist,182000
Pallavi Jain,27,Private,18,1,95809,System Administrator,59000
Sunita Iyer,30,Private,8,0,33727,DevOps Engineer,185000
Sahil Bhat,35,Private,0,0,9055,Frontend Developer,135000
Vikas Kumar,32,Private,0,89,16482,Software Engineer,54000
Sahil Rao,23,Private,3,36,27794,Business Analyst,72000
Dev Das,24,Private,12,53,68649,Data Analyst,171000
Himanshu Pillai,28,Private,7,650,41767,Machine Learning Engineer,57000
Rashmi Saxena,26,Private,20,181,78342,iOS Developer,106000
Shalini Dutta,30,Government,1,24,28595,Railway Officer,116000
Umesh Dutta,25,Government,1,596,35142,Water Department Engineer,152000
Ishaan Nair,28,Private,17,748,78340,IT Analyst,100000
Nisha Khan,25,Private,4,1023,29776,Cloud Architect,94000
Puneet Trivedi,31,Private,26,0,99390,Software Engineer,131000
Pooja Mehta,37,Government,10,62,35621,Indian Navy Officer,147000
Shruti Bhat,26,Private,0,72,14697,AI Researcher,192000
Mohit Patel,32,Private,30,0,119669,HR Manager,329000
Vivaan Gupta,33,Private,12,618,59812,iOS Developer,78000
Rohit Nair,37,Government,4,5796,41119,Government School Principal,57000
Neha Thakur,24,Private,1,1291,28029,Financial Analyst,159000
Nisha Ghosh,30,Government,2,180,22399,Income Tax Officer,182000
Shalini Roy,33,Private,2,1849,35877,iOS Developer,149000
Kishore Thakur,25,Private,0,25,16386,Digital Marketer,52000
Manish Thakur,30,Private,31,74,113602,Web Developer,754000
Jatin Trivedi,27,Private,11,1462,61808,Android Developer,129000
Meera Sethi,33,Private,0,549,6000,SEO Specialist,81000
Himanshu Bhat,39,Private,1,627,26690,System Administrator,113000
Ritu Khan,23,Government,1,625,24707,Indian Army Officer,157000
Shalini Das,34,Private,8,15,37405,Content Writer,67000
Mohit Reddy,35,Government,33,156,106925,Forest Ranger,114000
Aman Kothari,27,Private,31,5576,118026,Machine Learning Engineer,727000
Lokesh Agarwal,23,Private,1,30,29905,Business Analyst,121000
Riya Nair,30,Private,38,0,149853,System Administrator,652000
Lokesh Kapoor,27,Government,2,99,34175,Indian Air Force Officer,112000
Meera Sharma,23,Private,2,598,14887,Sales Manager,110000
Arnav Rao,31,Private,15,768,69393,Frontend Developer,166000
Himanshu Kothari,32,Private,3,614,15449,Business Analyst,170000
Ankit Rao,27,Private,14,241,58737,Customer Support Executive,134000
Anjali Kothari,30,Private,15,98,79550,Backend Developer,111000
Pallavi Trivedi,38,Private,2,26,24224,Data Scientist,104000
Neha Gill,35,Government,1,3716,25502,Transport Officer,136000
Pooja Jain,29,Government,0,23,18046,Customs Officer,152000
Aditya Thakur,39,Private,0,68,23752,Data Analyst,190000
Kishore Mehta,39,Government,35,47,114838,Forest Ranger,262000
Kabir Patel,25,Government,3,193,19672,Junior Assistant,75000
Naveen Kapoor,25,Private,0,702,9712,Data Scientist,108000
Arnav Joshi,34,Government,3,0,35224,Civil Engineer,87000
Rohan Ghosh,36,Government,16,11,56436,Defense Clerk,104000
Sameer Joshi,31,Private,1,4832,29645,Frontend Developer,176000
Tanya Das,37,Private,4,100,17356,Content Writer,112000
Karan Iyer,28,Private,5,1250,39047,Product Manager,149000
Vikas Bhattacharya,24,Government,7,112,32459,Agriculture Officer,132000
Simran Menon,34,Private,12,0,51304,Sales Manager,70000
Tarika Gill,37,Government,0,787,24911,Municipal Officer,93000
Gaurav Chatterjee,37,Government,1,0,29511,Electricity Board Engineer,146000
Kunal Chowdhury,39,Government,6,2608,47259,Teacher,111000
Siddharth Saxena,37,Private,11,0,63497,Financial Analyst,180000
Rashmi Nair,27,Private,4,57,28429,QA Tester,151000
Ankit Trivedi,35,Private,9,808,40368,Machine Learning Engineer,199000
Ishaan Sethi,32,Private,4,16,28530,Machine Learning Engineer,123000
Kunal Chatterjee,31,Government,44,54,131112,Forest Ranger,725000
Sanjay Patel,38,Private,5,126,41396,Marketing Executive,70000
Dinesh Joshi,31,Government,12,62,55578,Public Works Officer,95000
Manish Patel,34,Private,0,584,30301,Machine Learning Engineer,81000
Rashmi Agarwal,24,Government,2,133,30681,Public Works Officer,72000
Kabir Mehta,29,Private,30,0,112562,Data Scientist,430000
Suresh Thakur,28,Private,17,647,68251,Web Developer,63000
Anjali Das,31,Private,29,835,119746,QA Tester,630000
Neha Saxena,35,Private,41,99,159793,Sales Manager,213000
Rashmi Bhat,37,Private,0,1134,24319,System Administrator,133000
Sanjay Bhattacharya,32,Private,7,4649,41450,Machine Learning Engineer,76000
Vikram Saxena,35,Private,5,77,42692,Frontend Developer,148000
Suman Menon,32,Private,0,708,15394,HR Manager,109000
Tarika Rao,29,Government,6,747,39840,Junior Assistant,169000
Shruti Rao,38,Government,15,30,65350,Railway Officer,62000
Pooja Kapoor,35,Private,22,163,83851,AI Researcher,62000
Nitin Kumar,24,Private,27,61,117886,Backend Developer,580000
Gaurav Chatterjee,34,Government,12,5862,49872,Junior Assistant,179000
Sai Malhotra,33,Private,7,62,41833,System Administrator,91000
Shreya Kumar,37,Private,28,2291,113033,Sales Manager,586000
Megha Kothari,32,Government,23,10079,93310,Bank PO,560000
Praveen Kapoor,37,Private,0,1018,6000,Backend Developer,118000
Praveen Trivedi,31,Government,19,8,69649,IPS Officer,170000
Deepak Pillai,30,Private,0,2123,14339,Financial Analyst,187000
Lokesh Rao,24,Private,3,1131,15193,Android Developer,161000
Sonal Joshi,23,Government,1,741,30583,Indian Navy Officer,71000
Nimrat Bose,33,Private,3,9,21496,QA Tester,132000
Vivek Agarwal,25,Private,7,8733,46722,Software Engineer,110000
Sunita Bhattacharya,37,Private,3,612,38232,Data Scientist,140000
Dinesh Gill,28,Government,9,916,45201,Post Office Clerk,123000
Megha Kumar,36,Private,23,92,100184,Technical Support Engineer,99000
Praveen Roy,28,Government,9,32,45489,Village Development Officer,140000
Saurabh Pillai,37,Private,11,610,50478,SEO Specialist,71000
Tarika Kapoor,31,Private,5,11,25945,QA Tester,131000
Ajay Saxena,39,Government,9,753,44617,Administrative Clerk,173000
Tarun Roy,26,Private,13,0,65592,QA Tester,78000
Naveen Khan,36,Government,24,51,86111,Income Tax Officer,129000
Shalini Ghosh,33,Private,1,27,30138,Marketing Executive,81000
Arman Reddy,37,Private,9,127,38309,AI Researcher,128000
Aman Khan,29,Government,6,51,39750,Railway Officer,115000
Aparna Khan,35,Government,3,564,30522,Income Tax Officer,147000
Kunal Bhat,33,Private,20,147,86161,IT Analyst,127000
Rahul Jain,27,Government,11,8087,54310,Electricity Board Engineer,82000
Vihaan Menon,31,Private,12,48,61481,Business Analyst,158000
Sahil Trivedi,27,Government,21,550,76426,Civil Engineer,116000
Harsh Sethi,23,Private,25,105,90246,Data Analyst,71000
Sunita Kapoor,31,Government,18,501,64122,Defense Clerk,52000
Arjun Malhotra,25,Private,21,1130,80128,Technical Support Engineer,98000
Karanveer Roy,34,Private,9,6,58966,iOS Developer,191000
Karan Thakur,38,Private,33,3,118823,Android Developer,797000
Chirag Jain,29,Private,1,986,27710,Business Analyst,105000
Deepak Menon,26,Private,22,21,81861,SEO Specialist,69000
Rashmi Kapoor,33,Private,1,2075,30992,Cloud Architect,85000
Siddharth Rao,28,Private,4,848,18216,UI/UX Designer,173000
Pooja Pillai,31,Government,9,1083,47572,Court Clerk,138000
Nimrat Patel,36,Government,19,8626,74988,Income Tax Officer,371000
Pallavi Khan,24,Government,8,7860,53973,Public Works Officer,84000
Aman Agarwal,37,Private,21,0,93881,Software Engineer,192000
Divya Patel,33,Private,0,23,21884,Database Administrator,185000
Ankit Nayak,32,Private,16,0,60165,IT Analyst,117000
Arman Gill,27,Government,7,127,38278,Defense Clerk,91000
Rahul Chowdhury,26,Private,3,41,21975,IT Analyst,75000
Mahesh Gupta,34,Private,10,21,41398,Backend Developer,190000
Ritu Kapoor,25,Private,21,56,74418,IT Analyst,151000
Mahesh Verma,24,Private,6,0,28027,Product Manager,105000
Divya Sharma,34,Government,7,27,44359,Public Works Officer,163000
Nitin Malhotra,28,Private,2,157,15314,Sales Manager,115000
Ritu Thakur,26,Government,2,31,38271,IPS Officer,190000
Arnav Patel,28,Government,10,144,48157,Teacher,62000
Rajat Saxena,25,Private,40,127,129115,Machine Learning Engineer,264000
Shalini Chatterjee,37,Private,2,0,32023,Sales Manager,164000
Arman Roy,33,Private,4,113,38598,Content Writer,120000
Tarika Sethi,28,Private,1,91,29062,Data Analyst,90000
Arman Kothari,32,Government,6,142,46705,Junior Assistant,57000
Dev Jain,34,Government,0,890,25652,Public Works Officer,152000
